song_id,acousticness,danceability,energy,instrumentalness,key,liveness,loudness,mode,speechiness,tempo,time_signature,valence,num_samples,duration,duration_ms,end_of_fade_in,start_of_fade_out,tempo_confidence,time_signature_confidence,key_confidence,mode_confidence,song_duration_ms,popularity,explicit
56107c5d-3d05-4cc2-ae56-018b729c963d,0.41279,0.893,0.83,0.14626,5,0.2315,-4.703,1,0.4742,103.359,3,0.652,5261855,238.63287,238632.0,0.0,235.4039,0.717,0.021,0.99,0.891,238614,77,1
0f6610d5-7d84-4134-b155-cc51afc7e964,0.50521,0.863,0.807,0.25532,9,0.3161,-6.606,0,0.511,103.359,6,0.551,5314079,241.00133,241001.0,0.0,231.45651,0.717,0.022,0.995,0.896,162637,60,1
09ded865-5861-4827-b2c1-a1e6c4ee4d1e,0.36085,0.877,0.867,0.31463,5,0.1956,-4.535,1,0.5955,103.359,4,0.694,2522655,114.40612,,0.1161,112.94186,0.717,0.029,0.993,0.894,113400,55,1
5a700df5-2559-4eb8-93d5-a5b6d6998d81,0.42085,0.932,0.961,0.25348,9,0.315,-8.177,0,0.5675,123.047,7,0.678,2730527,123.83342,,0.0,121.8351,0.785,0.016,0.993,0.893,123809,8,1
e95807d3-cc2a-4b21-9fa2-f092b559a321,0.47163,0.621,0.795,0.16417,2,0.2659,-7.541,1,0.4724,80.75,4,0.565,5591583,253.58653,253586.0,0.0,239.65315,0.604,0.019,0.987,0.888,253561,66,0
8d51ce7f-af77-4014-8083-3a3d36c21499,0.44476,0.785,0.896,0.24814,9,0.4,-8.926,0,0.5847,135.999,3,0.693,5735967,260.13455,260134.0,1.11456,246.43338,0.72,0.013,0.991,0.892,260111,74,1
77c13270-9ca5-4230-a6fe-dac1937518cc,0.40984,0.92,0.912,0.29823,9,0.2906,-5.867,0,0.5846,123.047,6,0.669,3243551,147.09982,,0.27864,145.61234,0.785,0.014,0.992,0.893,147054,28,1
7f5ef064-5dc6-4f52-b338-dcfed7df2e0a,0.53336,0.739,0.789,0.30002,5,0.3433,-7.51,1,0.4245,143.555,7,0.689,6539807,296.5899,296589.0,0.13932,295.4507,0.682,0.013,0.987,0.888,296568,64,1
be7711aa-2245-4f41-9073-9dcf27b62311,0.45213,0.835,0.891,0.23849,5,0.4,-9.018,1,0.5982,112.347,3,0.717,6421023,291.20285,291202.0,0.04644,284.81595,0.762,0.015,0.996,0.896,308820,63,0
18a64fe7-3c8c-44af-b0bb-a54fa2a17ba2,0.4129,0.876,0.873,0.28452,5,0.2651,-6.949,1,0.577,103.359,4,0.695,4690944,212.74123,212741.0,0.1161,204.5678,0.717,0.02,0.995,0.895,275280,62,1
e868037d-b925-4a8c-84dc-dfc70da65fb6,0.43959,0.825,0.954,0.25206,9,0.3395,-6.385,0,0.563,135.999,6,0.704,3062303,138.87994,,0.30186,134.14168,0.72,0.019,0.994,0.894,138861,41,0
a0d1e2de-551b-4a33-8aba-426cd075dd16,0.4631,0.924,0.86,0.1588,5,0.3025,-7.789,1,0.5861,123.047,3,0.727,3483167,157.96677,,0.06966,156.38638,0.785,0.015,0.995,0.895,124285,24,1
b0612bd9-54c3-41ce-a137-ce4898087dfc,0.38047,0.649,0.92,0.27874,2,0.2641,-5.91,0,0.5982,151.999,3,0.731,7487007,339.5468,339546.0,0.0,333.8565,0.64,0.019,0.993,0.894,339506,41,0
e64e3d11-2101-4930-872c-7d45604c6bd6,0.43171,0.884,0.913,0.27027,5,0.3512,-6.631,1,0.5993,107.666,4,0.712,4415007,200.22707,200227.0,0.78948,199.76128,0.738,0.02,0.99,0.891,200221,67,1
1216849f-3b9e-4dbe-bc45-c1e0102271b4,0.49337,0.825,0.843,0.24075,5,0.4,-7.328,1,0.5504,135.999,3,0.735,4186655,189.87099,189870.0,0.0,185.78287,0.72,0.012,0.995,0.895,189853,65,1
39b90831-0286-4f86-8128-5eab5afa3f03,0.43661,0.838,0.936,0.21795,9,0.3388,-6.727,0,0.59,92.285,3,0.61,2954783,134.00375,,0.06966,132.93423,0.661,0.023,0.993,0.894,122535,7,1
bbc525e7-34ae-4988-b26e-ece3f7ab9835,0.40229,0.697,0.938,0.30613,9,0.301,-9.274,0,0.4965,151.999,3,0.734,3457567,156.80576,,0.4644,153.62321,0.64,0.017,0.99,0.891,156800,52,1
01174e48-75c8-4b5f-99f2-cf56609ba222,0.44682,0.697,0.891,0.2291,9,0.4,-7.21,0,0.5676,151.999,6,0.725,4731904,214.59882,214598.0,0.1161,208.79382,0.64,0.011,0.99,0.891,214466,64,1
b31b29cd-c753-4833-aa88-9338235c0aa8,0.46269,0.846,0.88,0.2779,9,0.4,-7.622,0,0.5204,95.703,7,0.605,2692639,122.11515,,0.09288,121.23138,0.679,0.018,0.993,0.893,122075,52,1
57a3e4ca-2a9e-4e09-8578-0ce5c4e1bf62,0.38163,0.921,0.927,0.26125,9,0.2704,-7.942,0,0.5998,123.047,4,0.672,3443231,156.1556,,0.44118,152.57832,0.785,0.009,0.991,0.891,156140,45,1
9d00cf84-2449-4c7b-92be-383ae8aaf71e,0.44379,0.827,0.907,0.20027,5,0.4,-6.116,1,0.5977,135.999,7,0.77,4925440,223.37596,223375.0,0.2322,219.49823,0.72,0.009,0.998,0.898,234373,67,0
c84c087b-472b-46a7-8fb7-00a0f7ad5a33,0.50521,0.863,0.807,0.25532,9,0.3161,-6.606,0,0.511,103.359,6,0.551,5314079,241.00133,241001.0,0.0,231.45651,0.717,0.022,0.995,0.896,261543,70,1
74ab8be4-6581-425a-a905-36f7db080c58,0.56834,0.783,0.754,0.27606,5,0.4,-7.393,1,0.3302,95.703,4,0.549,7799327,353.71097,353710.0,0.0,342.77298,0.679,0.021,0.987,0.888,353697,61,1
3dc34868-ac11-473f-ba86-ded5608a854b,0.549,0.901,0.783,0.29019,5,0.4,-8.545,1,0.4393,123.047,3,0.64,5595679,253.7723,253772.0,0.0,251.8204,0.785,0.01,0.995,0.895,209836,66,1
16e00ae7-834c-472c-92b4-022be932093e,0.41684,0.914,0.925,0.26897,11,0.4,-8.537,0,0.4439,117.454,5,0.66,3919391,177.75015,177750.0,1.09134,177.65587,0.787,0.017,0.985,0.886,290133,58,1
1c2a0197-0413-4b71-8d94-ab1572e3e0f9,0.48554,0.638,0.776,0.3424,9,0.2661,-6.376,0,0.4212,68.0,4,0.442,6412831,290.83133,290831.0,0.25542,282.00635,0.54,0.018,0.986,0.887,290791,70,1
ea63bcc9-7748-4202-8de0-9bcae245529a,0.40139,0.877,0.925,0.26483,9,0.2887,-6.938,0,0.5418,99.384,4,0.622,3007007,136.3722,,0.27864,131.54105,0.697,0.03,0.992,0.893,116363,32,0
a5279bff-2476-4843-b0c4-0f8d55811d7b,0.39056,0.868,0.944,0.19824,2,0.3022,-6.814,0,0.5563,123.047,5,0.675,3024415,137.16168,137161.0,0.0,136.9745,0.785,0.02,0.989,0.89,219960,56,1
ce481f81-5582-41e8-96c8-19261e121ec5,0.41033,0.911,0.962,0.27925,9,0.3062,-9.557,0,0.5708,129.199,3,0.692,3076639,139.5301,,0.0,134.30421,0.754,0.009,0.991,0.892,139521,8,1
2c709058-c8d5-4133-810b-e281b53f3c65,0.4717,0.792,0.894,0.215,5,0.3525,-5.553,1,0.577,143.555,4,0.783,3157535,143.19887,,0.04644,141.75781,0.682,0.019,0.994,0.895,197147,11,1
776ab838-50d5-4188-bf37-f51d5293aa74,0.52143,0.855,0.803,0.2405,5,0.3512,-5.877,1,0.4218,129.199,4,0.675,4173343,189.26726,189267.0,9.21832,185.9454,0.754,0.025,0.989,0.89,189229,66,1
a9dac279-4d3e-4381-a6c7-cd76ae28c0e3,0.42178,0.776,0.904,0.29443,9,0.2996,-6.893,0,0.5693,89.103,4,0.596,3175967,144.03477,,0.0,139.25008,0.646,0.037,0.981,0.883,144000,46,1
0b222dbd-aab6-46ae-9ecf-58940741f79b,0.31841,0.794,0.892,0.30858,9,0.167,-4.878,0,0.5986,95.703,3,0.608,6670879,302.5342,302534.0,2.22912,302.46313,0.679,0.017,0.993,0.894,382262,59,1
c439e89c-60f9-4346-934d-5be3d849cfe6,0.40209,0.898,0.802,0.30469,2,0.1853,-5.475,0,0.5049,129.199,4,0.599,5164575,234.22108,234221.0,0.0,232.26921,0.754,0.009,0.99,0.891,234175,60,1
55fe8741-16c0-4729-8f41-32b1a04afeb2,0.44106,0.808,0.758,0.28654,9,0.1988,-5.645,0,0.3595,135.999,5,0.563,8515103,386.17245,386172.0,0.6966,379.50693,0.72,0.013,0.99,0.891,203893,68,1
60b07b8e-39a0-40bc-9d4d-5bea22c6b7e5,0.52572,0.839,0.799,0.15704,9,0.4,-7.845,0,0.4981,123.047,4,0.583,4961823,225.02599,225025.0,0.06966,211.74277,0.785,0.015,0.992,0.893,225011,59,1
6e95a87c-610e-412e-8161-fa77c18ac1f6,0.51554,0.839,0.745,0.29535,2,0.2718,-5.652,0,0.3313,107.666,4,0.489,5374495,243.74127,243741.0,0.0,241.71973,0.738,0.02,0.987,0.889,267373,66,1
7f471602-3a28-4a94-b450-a11d1e281fef,0.44661,0.934,0.879,0.29927,9,0.3096,-8.249,0,0.5699,112.347,4,0.64,2522655,114.40612,,0.0,113.4527,0.762,0.017,0.99,0.891,114400,39,0
50617249-299b-4ee9-ab86-d9e38ac32d29,0.43394,0.849,0.91,0.30817,5,0.333,-7.06,1,0.5985,103.359,7,0.702,5021215,227.7195,227719.0,0.0,224.67628,0.717,0.021,0.996,0.896,227692,62,1
aa104dc6-6c7d-4650-991b-3ba8b207ae27,0.51857,0.802,0.804,0.15812,5,0.4,-8.276,1,0.4704,129.199,3,0.676,4695583,212.95161,212951.0,0.0,196.882,0.754,0.022,0.992,0.893,266178,61,0
f675a4eb-e1c7-4f4d-8d01-b429efad8750,0.46283,0.788,0.875,0.19936,5,0.4,-6.862,1,0.5993,95.703,3,0.679,3800607,172.36313,172363.0,0.06966,163.67746,0.679,0.024,0.994,0.894,170501,66,1
b7849fa2-c98a-40bd-a22f-196dd8da5bcd,0.41684,0.914,0.925,0.26897,11,0.4,-8.537,0,0.4439,117.454,5,0.66,3919391,177.75015,177750.0,1.09134,177.65587,0.787,0.017,0.985,0.886,177733,62,1
06f7e0ba-4925-4135-a3a6-a7ae9340c3c2,0.40261,0.919,0.93,0.28563,5,0.3099,-7.208,1,0.5522,112.347,7,0.725,4506143,204.36023,204360.0,0.0,204.08018,0.762,0.012,0.992,0.893,204346,70,1
523f8ee7-309c-4247-97c9-db3c580a1d2f,0.44476,0.785,0.896,0.24814,9,0.4,-8.926,0,0.5847,135.999,3,0.693,5735967,260.13455,260134.0,1.11456,246.43338,0.72,0.013,0.991,0.892,229303,71,1
3f270f88-e536-44f7-a87c-96df8d395c57,0.62136,0.708,0.548,0.37433,9,0.4,-16.746,0,0.2464,92.285,4,0.36,3845663,174.4065,174406.0,0.16254,171.1775,0.661,0.046,0.986,0.887,366400,54,1
4a260b75-ee72-4996-a3cc-b2b2c8ae42f4,0.49678,0.868,0.835,0.22639,9,0.4,-9.266,0,0.5578,117.454,4,0.613,7409183,336.01736,336017.0,0.0,335.92307,0.787,0.024,0.993,0.894,336005,56,0
f694da9b-5158-43dc-9412-75e35ea02c01,0.4948,0.869,0.838,0.28511,9,0.3314,-7.005,0,0.5541,103.359,5,0.586,2993695,135.76848,,0.0,133.67728,0.717,0.022,0.991,0.892,135737,45,1
b2beac03-d0a6-4386-92ab-ac43fd24b884,0.35776,0.844,0.877,0.20049,5,0.2084,-4.357,1,0.5882,99.384,4,0.687,3437087,155.87695,,0.37152,154.13406,0.697,0.029,0.991,0.892,148750,58,1
ef14b560-6439-4590-8027-f9e015f811b2,0.40384,0.924,0.921,0.20721,5,0.2982,-6.368,1,0.5989,123.047,4,0.745,3447327,156.34135,,4.85297,151.90494,0.785,0.016,0.99,0.891,156304,6,1
8b43c725-18f0-4f07-a902-3c41f8cbc52f,0.48646,0.852,0.85,0.22615,9,0.4,-8.839,0,0.5781,129.199,4,0.653,5794335,262.78162,262781.0,0.0,260.01706,0.754,0.02,0.99,0.891,212432,50,1
07d784d8-e351-41f8-9e0a-4dc94b386755,0.48646,0.852,0.85,0.22615,9,0.4,-8.839,0,0.5781,129.199,4,0.653,5794335,262.78162,262781.0,0.0,260.01706,0.754,0.02,0.99,0.891,262768,53,1
048cd695-53d7-4d13-8ccf-29b99b2f0fe0,0.47256,0.788,0.871,0.30956,9,0.3259,-7.971,0,0.5815,143.555,3,0.703,3346975,151.79025,,0.0,147.77179,0.682,0.012,0.99,0.891,147544,31,1
9cb2fc66-b1bf-4863-9caf-2eaeec20ae06,0.49289,0.726,0.817,0.32779,9,0.3002,-7.989,0,0.5023,83.354,7,0.52,3529247,160.05655,160056.0,0.0,157.26875,0.617,0.013,0.986,0.888,160049,34,0
374705eb-1391-45c6-80a0-7a20381b4e9f,0.5277,0.835,0.8,0.31995,9,0.3719,-8.427,0,0.5137,107.666,7,0.552,7420447,336.5282,336528.0,0.0,333.87973,0.738,0.017,0.991,0.892,336511,72,1
e66e173c-207c-45c6-9cb6-f8df61779d1b,0.47149,0.894,0.834,0.21299,9,0.3045,-8.101,0,0.5586,112.347,4,0.6,6208031,281.54337,281543.0,0.0,278.2215,0.762,0.016,0.991,0.892,271058,61,0
be984da8-b312-4b22-87bc-cd266f133fd8,0.47465,0.759,0.868,0.20551,5,0.3478,-5.874,1,0.5304,143.555,4,0.778,3619359,164.14326,164143.0,0.0,159.52109,0.682,0.016,0.992,0.893,164142,48,1
4e8a8705-d4c6-4287-81f9-705ffae729d5,0.53246,0.909,0.8,0.19671,2,0.4,-6.986,0,0.4907,112.347,4,0.562,4464159,202.45619,202456.0,0.0,187.31537,0.762,0.021,0.994,0.894,266847,68,1
c27b47e7-43ff-47c6-b18b-df3d452eb671,0.44598,0.903,1.0,0.28991,9,0.4,-9.211,0,0.3198,123.047,4,0.686,4647455,210.76894,210768.0,0.0,200.1328,0.785,0.013,0.985,0.887,234782,60,1
792a18fe-1aed-46bb-a0af-80002b642868,0.46117,0.861,0.882,0.28471,9,0.4,-6.852,0,0.599,123.047,3,0.663,5537311,251.12521,251125.0,14.23383,248.05878,0.785,0.032,0.986,0.887,251094,56,1
0d9212d4-0678-41b5-9de7-46df8e02df21,0.4129,0.876,0.873,0.28452,5,0.2651,-6.949,1,0.577,103.359,4,0.695,4690944,212.74123,212741.0,0.1161,204.5678,0.717,0.02,0.995,0.895,374025,57,1
b27aa9a8-c606-4ddc-ac79-69e7274f4425,0.46577,0.717,0.859,0.28442,9,0.3097,-6.556,0,0.5988,151.999,3,0.712,3086879,139.9945,,0.37152,139.69125,0.64,0.013,0.99,0.891,139975,60,1
41d925b2-67df-46a8-bf01-9cd6f2ad4a62,0.51777,0.862,0.811,0.25261,9,0.3562,-8.012,0,0.517,103.359,6,0.555,5314079,241.00133,241001.0,0.0,231.45651,0.717,0.016,0.995,0.896,241000,67,1
5b5677b9-0ada-430d-a262-0d73dba75568,0.54486,0.73,0.765,0.18114,0,0.4,-10.053,1,0.4331,86.133,4,0.542,4174367,189.3137,189313.0,0.0,178.65433,0.631,0.055,0.993,0.894,220487,78,1
3bc3b0f5-bd93-47ad-a562-5c792cfa3b6b,0.49491,0.827,0.846,0.27656,5,0.389,-8.44,1,0.5993,107.666,4,0.679,6203935,281.3576,281357.0,1.13778,269.04962,0.738,0.021,0.997,0.897,213103,65,1
9be9871e-7264-49e7-a371-bbbf3c0f79d3,0.42676,0.788,0.919,0.2387,5,0.3758,-9.207,1,0.5219,92.285,3,0.681,3114527,141.24838,141248.0,0.0,140.8058,0.661,0.052,0.992,0.893,141212,58,1
1a1114c6-e50b-445f-8e3f-6fdcf078cbc2,0.44921,0.805,0.905,0.3071,5,0.3751,-8.887,1,0.5542,143.555,4,0.785,2682399,121.65075,,0.55728,120.23293,0.682,0.008,0.991,0.892,117200,23,1
0def8385-4dc6-4bbc-8d3f-7570883c9e7f,0.43304,0.914,0.922,0.2427,9,0.3206,-7.42,0,0.5951,123.047,3,0.671,3087903,140.04095,,0.0,137.71754,0.785,0.029,0.992,0.892,140000,8,1
15b1d24f-25df-4d22-a769-4c1fe64c6288,0.51802,0.827,0.815,0.2885,9,0.3756,-9.156,0,0.5406,117.454,3,0.59,7252511,328.91205,328912.0,4.85297,328.91068,0.787,0.011,0.996,0.896,328906,64,1
1f3b527d-396a-4498-add9-2328e5480e92,0.44598,0.903,1.0,0.28991,9,0.4,-9.211,0,0.3198,123.047,4,0.686,4647455,210.76894,210768.0,0.0,200.1328,0.785,0.013,0.985,0.887,210746,78,1
a537b1d6-3545-4635-97fb-e4309f1c6466,0.37052,0.898,0.893,0.30807,9,0.2237,-7.176,0,0.5833,107.666,4,0.633,3047967,138.2298,,0.78948,137.55501,0.738,0.029,0.992,0.893,138187,57,1
13808fb5-85a2-4020-97ba-bb70607c311d,0.5277,0.835,0.8,0.31995,9,0.3719,-8.427,0,0.5137,107.666,7,0.552,7420447,336.5282,336528.0,0.0,333.87973,0.738,0.017,0.991,0.892,319386,74,1
bf65fe2f-febd-4c81-bc01-6cf0b0cef9ea,0.41916,0.813,0.928,0.23251,2,0.4,-10.148,0,0.5102,135.999,3,0.699,6782495,307.59616,307596.0,0.0,307.59473,0.72,0.012,0.986,0.887,307593,59,1
2fdd402d-4c9f-42e5-bcec-7912f0cee98c,0.43997,0.799,0.906,0.24829,9,0.4,-8.14,0,0.5645,89.103,3,0.597,4913695,222.8433,222843.0,0.16254,221.28616,0.646,0.02,0.986,0.888,222801,57,1
059c31eb-5b83-40ec-bffa-4f362e830835,0.48157,0.871,0.856,0.27316,5,0.4,-8.722,1,0.5931,129.199,4,0.735,4301343,195.07224,195072.0,0.02322,194.93152,0.754,0.025,0.991,0.892,195053,63,1
de47d2a9-65a5-4767-9272-dcb5330121a2,0.43734,0.659,0.896,0.24289,5,0.4,-6.859,0,0.5998,151.999,4,0.726,4081664,185.10948,185109.0,0.53406,168.71619,0.64,0.026,0.988,0.889,184960,60,1
afc88f2d-27f5-4254-a363-ad104379d3d6,0.47465,0.759,0.868,0.20551,5,0.3478,-5.874,1,0.5304,143.555,4,0.778,3619359,164.14326,164143.0,0.0,159.52109,0.682,0.016,0.992,0.893,163974,66,1
aabf77eb-3c4a-4a0c-ad63-1adcd5029b7d,0.3969,0.895,0.913,0.24033,5,0.2957,-5.699,1,0.596,107.666,6,0.712,4815391,218.38509,218385.0,0.0,214.90068,0.738,0.02,0.994,0.895,218364,80,1
4e41751f-b34b-4bce-a94b-14dcdb9d8ea6,0.45944,0.803,0.903,0.29387,9,0.3864,-7.917,0,0.5875,143.555,4,0.71,2989599,135.58272,,0.74304,133.7005,0.682,0.012,0.989,0.89,148014,40,1
1c2f3079-519b-4b83-9a25-5d91ee5d177e,0.44402,0.804,0.826,0.32008,2,0.2589,-7.261,0,0.5706,89.103,3,0.543,5825055,264.17484,264174.0,0.1161,258.71674,0.646,0.009,0.986,0.887,383036,64,1
e347a0aa-c79d-41bd-9467-019485ddeb2e,0.46754,0.863,0.835,0.2983,0,0.2876,-5.718,1,0.5784,103.359,4,0.658,4717568,213.94865,213948.0,0.4644,204.6839,0.717,0.015,0.99,0.891,336924,71,0
69f17fff-5fe5-405e-8b82-17e09f417be6,0.51161,0.889,0.829,0.26243,5,0.3936,-7.145,1,0.5837,117.454,4,0.681,5951007,269.88693,269886.0,0.51084,264.08054,0.787,0.016,0.996,0.896,302173,67,1
25897453-dc9b-42ed-8df8-e181f9ca0f21,0.45232,0.681,0.901,0.29119,5,0.4,-7.488,1,0.5677,151.999,4,0.802,4772864,216.45642,216456.0,0.13932,205.31084,0.64,0.017,0.99,0.891,216333,66,1
18f849ae-1578-4452-82fd-0a62b9cbbba4,0.56199,0.904,0.727,0.27068,2,0.3121,-10.252,0,0.2959,112.347,3,0.478,4110336,186.4098,186409.0,0.09288,185.99184,0.762,0.012,0.985,0.886,186293,65,0
5da015b8-edcf-41d5-afb4-3ef85310ee0c,0.31045,0.905,0.847,0.28876,5,0.1509,-4.361,1,0.4244,107.666,3,0.681,3969567,180.02571,180025.0,0.0,180.0243,0.738,0.036,0.978,0.88,180000,58,1
ba8c5eb1-1ec8-454c-89db-bc4fd28416bf,0.45531,0.575,0.879,0.19913,5,0.4,-7.952,1,0.5927,58.727,4,0.606,4707871,213.5089,213508.0,0.0,209.6762,0.494,0.038,0.987,0.888,213492,59,1
c67cc0da-fc67-42de-92d2-4cdf966c4e6f,0.46362,0.869,0.872,0.22249,9,0.4,-8.298,0,0.5981,107.666,4,0.629,5448223,247.08495,247084.0,0.0,245.66711,0.738,0.015,0.99,0.891,247058,70,1
5fcee9c9-68ab-401d-be73-ddb404ddacd3,0.48554,0.638,0.776,0.3424,9,0.2661,-6.376,0,0.4212,68.0,4,0.442,6412831,290.83133,290831.0,0.25542,282.00635,0.54,0.018,0.986,0.887,264130,64,1
1a3e14ab-600a-4d37-b25c-e4f292141b7e,0.48554,0.638,0.776,0.3424,9,0.2661,-6.376,0,0.4212,68.0,4,0.442,6412831,290.83133,290831.0,0.25542,282.00635,0.54,0.018,0.986,0.887,178153,67,1
bebf6910-12ba-4f6d-8ee5-12af52e136c1,0.48348,0.875,0.857,0.2242,5,0.4,-7.584,1,0.5989,103.359,7,0.682,4051487,183.7409,183740.0,0.55728,183.18222,0.717,0.018,0.996,0.896,183695,52,1
dd326f5f-7e26-473b-a966-95b6d0809f61,0.51209,0.795,0.812,0.31032,9,0.4,-9.828,0,0.5209,135.999,4,0.625,5766687,261.52777,261527.0,0.06966,250.9845,0.72,0.015,0.994,0.895,261492,77,1
dcf9ed67-0b06-4f8a-a495-cc250c468768,0.42714,0.846,0.903,0.24435,9,0.4,-10.173,0,0.5549,123.047,7,0.667,2987551,135.48984,,0.02322,131.7268,0.785,0.016,0.989,0.89,135483,40,0
e75977fd-c1e4-4b3f-8164-7024d381f0da,0.50688,0.568,0.806,0.28568,9,0.3095,-6.623,0,0.506,51.68,4,0.459,4277791,194.00414,194004.0,0.0,191.56464,0.458,0.026,0.993,0.893,223240,56,1
102e3ab9-5d9a-4fbd-9c21-a17016ff6d52,0.50819,0.846,0.816,0.25952,5,0.4,-7.345,1,0.4951,107.666,3,0.645,4615711,209.3293,209329.0,3.92417,191.82005,0.738,0.026,0.993,0.894,209287,63,1
0b75539a-db56-473a-a549-08a3b5851cf6,0.46252,0.888,0.854,0.29034,5,0.3137,-7.701,1,0.5816,99.384,3,0.671,3596831,163.1216,,0.18576,160.75175,0.697,0.034,0.988,0.89,149115,50,1
a7f6ae2c-cd17-445b-bc12-c6f65caccc57,0.41684,0.914,0.925,0.26897,11,0.4,-8.537,0,0.4439,117.454,5,0.66,3919391,177.75015,177750.0,1.09134,177.65587,0.787,0.017,0.985,0.886,139574,67,1
ad8ba23e-31ef-436c-9528-4888b7df384b,0.48687,0.85,0.848,0.2917,5,0.338,-10.922,1,0.5801,107.666,3,0.682,4606976,208.93315,208933.0,0.13932,203.47646,0.738,0.015,0.994,0.895,208813,72,1
5c7b6e16-5ef7-4485-a331-0009b17552d2,0.45968,0.652,0.882,0.27716,9,0.4,-10.086,0,0.5884,135.999,3,0.69,4681247,212.30145,212301.0,0.0,204.61424,0.72,0.025,0.991,0.892,199019,60,1
8a54a432-d9be-4e50-a39f-7451f8bf9d94,0.47163,0.621,0.795,0.16417,2,0.2659,-7.541,1,0.4724,80.75,4,0.565,5591583,253.58653,253586.0,0.0,239.65315,0.604,0.019,0.987,0.888,202451,59,0
36454a75-037a-4707-9e09-d4eb669d69e9,0.58252,0.853,0.727,0.30456,2,0.3608,-9.237,0,0.296,129.199,5,0.513,2605599,118.16776,118167.0,0.0,112.47746,0.754,0.022,0.982,0.884,186692,59,1
02475d9f-1004-4cd5-bb99-c327ee6694a3,0.46144,0.91,0.876,0.25635,2,0.4,-9.455,0,0.5922,112.347,6,0.639,4571679,207.33238,207332.0,0.04644,191.54141,0.762,0.018,0.991,0.892,271183,58,1
d02fc87e-fa8b-475a-b4e4-6834c3a2895c,0.45568,0.948,0.888,0.25124,9,0.3185,-6.711,0,0.5963,123.047,4,0.664,3223071,146.17102,,2.11302,142.0829,0.785,0.014,0.996,0.896,146129,40,1
8a7d9e77-52a2-49fb-adeb-4549ff34fbff,0.54728,0.87,0.765,0.29299,9,0.4,-8.601,0,0.4182,123.047,4,0.544,2866719,130.00993,130009.0,0.0,127.64009,0.785,0.078,0.991,0.892,281119,52,1
7318c8a0-3519-45a9-b099-2afc04897de0,0.48701,0.756,0.834,0.31637,5,0.4,-10.829,1,0.523,135.999,4,0.725,6938143,314.655,314655.0,0.04644,299.58386,0.72,0.041,0.994,0.895,314631,61,1
3bc4dffd-77d1-49b2-befc-5f8720df2704,0.45003,0.904,0.809,0.31267,2,0.2541,-6.776,0,0.5094,117.454,3,0.582,5401119,244.94872,244948.0,0.1161,240.79092,0.787,0.023,0.991,0.892,253934,58,1
2c341ce5-9728-4d78-89b7-31097d25faa8,0.51807,0.745,0.807,0.27956,5,0.4,-7.765,1,0.5061,86.133,5,0.59,3005440,136.30113,136301.0,0.06966,135.62776,0.631,0.019,0.992,0.893,232774,71,1
b7b954be-663e-4204-8ade-c396b96a8bc8,0.51385,0.811,0.811,0.25427,5,0.3827,-7.638,1,0.4832,95.703,3,0.615,4689439,212.67297,212672.0,0.1161,210.88364,0.679,0.028,0.993,0.893,262453,73,1
263b3602-9263-4154-8f33-fe44a6da8223,0.49003,0.831,0.836,0.19357,5,0.4,-6.176,1,0.5441,95.703,4,0.643,5920287,268.49374,268493.0,0.06966,263.24463,0.679,0.013,0.995,0.896,268480,58,1
35bf2140-f9da-425f-9d54-38665ac6c602,0.44323,0.67,0.829,0.31294,2,0.2638,-8.361,0,0.5656,78.303,3,0.523,8247839,374.05167,374051.0,0.0,367.9666,0.592,0.012,0.991,0.892,217600,61,1
b105b524-d019-4b67-bf6b-a15133062e51,0.31841,0.794,0.892,0.30858,9,0.167,-4.878,0,0.5986,95.703,3,0.608,6670879,302.5342,302534.0,2.22912,302.46313,0.679,0.017,0.993,0.894,456933,70,1
6c13311f-9872-431e-8e39-3c34272af0fb,0.538,0.918,0.783,0.29017,5,0.4,-6.49,1,0.4219,112.347,5,0.617,5037599,228.46254,228462.0,0.0,227.88063,0.762,0.007,0.996,0.896,228437,63,1
d9c30945-9d48-484e-8d1d-0168fa559e16,0.47445,0.879,0.86,0.26499,5,0.3747,-10.385,1,0.5884,123.047,3,0.728,5196319,235.66074,235660.0,2.34522,232.9658,0.785,0.019,0.99,0.891,280666,55,1
7d8d8492-0dc8-4e74-a475-ca79b4b0e138,0.49287,0.776,0.839,0.25232,5,0.4,-9.029,1,0.5401,92.285,4,0.639,6124063,277.7353,277735.0,0.0,265.288,0.661,0.025,0.989,0.89,277720,51,1
0c18a3ca-9b3d-455c-90d2-0a62ce3b1640,0.54628,0.91,0.785,0.24527,5,0.4,-5.057,1,0.4482,107.666,7,0.609,4527104,205.31084,205310.0,0.06966,204.63747,0.738,0.01,0.99,0.891,205162,63,0
bd25e9e9-0597-4f95-a220-4fe922a9b194,0.44303,0.707,0.906,0.2344,9,0.3551,-6.997,0,0.5982,80.75,3,0.579,5456415,247.45647,247456.0,0.0,244.06494,0.604,0.027,0.991,0.892,247444,51,1
0d437a68-8e01-4273-85de-28f0c24fc9f2,0.44875,0.748,0.888,0.23151,5,0.4,-6.114,1,0.5994,86.133,4,0.662,3762719,170.64485,170644.0,1.7415,166.37099,0.631,0.021,0.996,0.896,170637,67,1
6cc60a6a-d17c-4718-bb80-17c8b02e7486,0.42657,0.833,0.93,0.30491,9,0.3198,-9.897,0,0.4979,135.999,4,0.699,3000863,136.09357,,0.3483,133.4683,0.72,0.01,0.989,0.89,136086,52,1
1f044fbc-dec6-4dce-aaa5-b992bf4b5242,0.55774,0.82,0.762,0.25998,9,0.3776,-10.86,0,0.3888,123.047,3,0.54,7364127,333.974,333974.0,0.0,333.9726,0.785,0.041,0.99,0.891,333946,68,1
6bc79dd9-477a-4c1a-a22a-13ee32990bd6,0.4788,0.879,0.86,0.24736,9,0.4,-5.743,0,0.5988,103.359,3,0.611,4522527,205.10327,205103.0,0.97524,201.34023,0.717,0.021,0.991,0.892,205082,59,1
6a80d8c2-f450-49f6-8e11-a58615ff593e,0.44156,0.757,0.912,0.26756,9,0.3418,-5.844,0,0.5452,83.354,4,0.586,5873183,266.3575,266357.0,0.0,262.10684,0.617,0.015,0.992,0.893,266325,56,1
357b20cc-3e5c-4a32-8994-6e209069b28a,0.51151,0.594,0.808,0.25895,9,0.4,-8.737,0,0.5053,161.499,7,0.674,6497823,294.68585,294685.0,2.15946,285.62866,0.593,0.01,0.993,0.893,294650,51,1
c5c961fa-d46e-4ddd-9184-d47596bf9f1c,0.41638,0.911,0.94,0.23147,5,0.3299,-6.027,1,0.5684,112.347,7,0.727,5427743,246.15614,246156.0,2.80961,241.97514,0.762,0.013,0.994,0.894,246133,45,1
a909635f-7588-408f-93d3-e2d7b457fa97,0.4254,0.774,0.913,0.27179,9,0.4,-7.073,0,0.4699,143.555,7,0.712,3066399,139.0657,,0.09288,134.90794,0.682,0.012,0.996,0.896,163091,46,1
5b103d9a-04ef-419f-8256-35a48461190b,0.4742,0.832,0.866,0.28786,9,0.4,-8.496,0,0.5997,95.703,4,0.602,3495455,158.52403,,2.27556,156.22385,0.679,0.023,0.99,0.891,138750,55,1
161b0fd2-e7bd-43ca-a01a-519926b7a1d3,0.55634,0.826,0.769,0.27948,5,0.3324,-7.937,1,0.4072,99.384,3,0.574,5564959,252.37909,252379.0,3.27401,249.63773,0.697,0.019,0.989,0.89,252378,64,1
df932fb8-6b08-4739-953e-07549864d70e,0.52013,0.794,0.801,0.24246,5,0.4,-8.314,1,0.4732,107.666,5,0.628,3697183,167.6727,167672.0,3.29723,160.26413,0.738,0.026,0.993,0.893,243227,70,1
6521c091-0e21-4fc6-a804-57996ac54e2e,0.52587,0.651,0.804,0.26032,5,0.4,-8.044,1,0.5168,99.384,4,0.614,6398495,290.18118,290181.0,0.04644,289.71536,0.697,0.024,0.994,0.895,253533,68,1
9e56ca45-9def-48cf-8197-bd6e4fdad56b,0.54201,0.717,0.773,0.19921,5,0.4,-9.709,1,0.4132,95.703,4,0.572,3389983,153.74072,153740.0,0.0,149.46684,0.679,0.03,0.993,0.894,241023,84,1
3baa9f0d-1a35-449a-b9ed-cadfec1c8a23,0.55036,0.837,0.774,0.25686,5,0.4,-9.017,1,0.4075,103.359,4,0.589,5420575,245.83107,245831.0,0.18576,242.55565,0.717,0.021,0.993,0.893,245786,73,0
dfe51b1d-a674-4b6e-9755-ff1ba2959159,0.51867,0.91,0.775,0.22876,5,0.3028,-5.944,1,0.4043,117.454,5,0.619,3932703,178.35388,178353.0,0.0,170.64345,0.787,0.019,0.995,0.896,178328,57,1
d8995075-e1be-4a47-937d-53446f6ffeb8,0.39056,0.868,0.944,0.19824,2,0.3022,-6.814,0,0.5563,123.047,5,0.675,3024415,137.16168,137161.0,0.0,136.9745,0.785,0.02,0.989,0.89,137142,73,1
aa1effcb-ed3f-46d6-b9e8-ab3b2725d47d,0.47465,0.759,0.868,0.20551,5,0.3478,-5.874,1,0.5304,143.555,4,0.778,3619359,164.14326,164143.0,0.0,159.52109,0.682,0.016,0.992,0.893,309560,53,1
d6da0df8-3ecc-493a-8199-29d9d09d214e,0.55734,0.864,0.764,0.20254,5,0.3777,-6.548,1,0.4198,117.454,4,0.606,5596703,253.81873,253818.0,7.33751,232.22276,0.787,0.026,0.989,0.89,205721,75,1
c9ccd85d-6ce9-4a5e-aea5-a0404d478a63,0.42452,0.866,0.883,0.2881,9,0.2883,-6.516,0,0.584,129.199,5,0.676,4640768,210.46567,210465.0,0.32508,210.04771,0.754,0.011,0.991,0.892,153406,65,1
ba6a313b-520e-413b-8162-43fbca481b06,0.40788,0.866,0.906,0.22386,9,0.2918,-4.865,0,0.5742,103.359,5,0.627,3288607,149.14317,,0.1161,144.59065,0.717,0.019,0.979,0.881,164516,43,1
7c200e7b-7a1b-45ea-9ab0-ce109f9c8b83,0.47445,0.879,0.86,0.26499,5,0.3747,-10.385,1,0.5884,123.047,3,0.728,5196319,235.66074,235660.0,2.34522,232.9658,0.785,0.019,0.99,0.891,235620,64,1
71c5b455-f78f-40b2-8be3-9193933cb965,0.47813,0.851,0.857,0.22843,9,0.3846,-7.412,0,0.581,129.199,3,0.662,6032927,273.60214,273602.0,0.0,272.5094,0.754,0.022,0.994,0.894,241889,72,1
d438f27c-8c90-45c1-bbaf-1732101b9f59,0.47294,0.884,0.76,0.31219,5,0.2285,-4.051,1,0.3204,123.047,4,0.613,3816991,173.10617,173106.0,0.0,173.10477,0.785,0.014,0.987,0.889,208917,63,1
e3a213d0-9596-49cc-af13-e3c305024fe1,0.35481,0.785,0.949,0.2568,5,0.2934,-7.714,1,0.4794,86.133,6,0.674,4254239,192.936,192936.0,0.0,192.37732,0.631,0.017,0.987,0.888,252053,59,1
720d22ca-721c-4d32-a056-4c957e509dee,0.54486,0.73,0.765,0.18114,0,0.4,-10.053,1,0.4331,86.133,4,0.542,4174367,189.3137,189313.0,0.0,178.65433,0.631,0.055,0.993,0.894,189289,70,1
1b1436a8-fcde-469a-8c8d-153c2c360cab,0.43648,0.894,0.911,0.2039,5,0.3354,-6.988,1,0.5858,107.666,5,0.712,10075679,456.9469,456946.0,0.18576,452.74268,0.738,0.009,0.994,0.895,202450,56,1
c1825347-6964-446a-b3ff-2c88e2c30939,0.39283,0.742,0.876,0.29372,5,0.2545,-6.536,1,0.5941,143.555,3,0.779,4257311,193.07533,193075.0,0.04644,193.00426,0.682,0.009,0.995,0.896,245131,66,1
78e5ee59-ccc0-4270-9d47-caacbf663acf,0.43402,0.846,0.926,0.25354,5,0.3736,-6.036,1,0.5428,135.999,6,0.774,6130207,278.01392,278013.0,0.0,276.1549,0.72,0.008,0.993,0.893,211642,61,1
bbe453e4-3305-4303-bfa7-71f20a5f5f0d,0.43314,0.917,0.912,0.25724,9,0.4,-7.329,0,0.4483,117.454,4,0.657,4940319,224.05075,224050.0,0.65016,223.97968,0.787,0.022,0.99,0.891,224040,56,1
37a71f68-0b69-43ea-9d9b-deecb2665662,0.52572,0.839,0.799,0.15704,9,0.4,-7.845,0,0.4981,123.047,4,0.583,4961823,225.02599,225025.0,0.06966,211.74277,0.785,0.015,0.992,0.893,136186,60,1
36eb227c-8435-451c-a52f-81ab349e01fe,0.43371,0.883,0.925,0.29911,9,0.4,-8.037,0,0.5713,129.199,4,0.684,3410463,154.66953,,0.76626,151.71918,0.754,0.012,0.997,0.897,133670,56,1
b1d4c5ec-cc46-4414-8924-bb91937c5592,0.41259,0.885,0.934,0.23839,5,0.4,-9.562,1,0.4599,123.047,3,0.748,5408287,245.27379,245273.0,0.0,245.01695,0.785,0.02,0.992,0.893,193962,60,1
04757965-79ca-4762-81d8-bad1f5a40353,0.5122,0.782,0.812,0.28013,5,0.4,-6.012,1,0.5211,143.555,3,0.715,3077663,139.57655,139576.0,0.0,135.39555,0.682,0.018,0.99,0.891,236360,64,1
562a0e8a-613b-4549-a783-ae7fd5a5b51e,0.48646,0.852,0.85,0.22615,9,0.4,-8.839,0,0.5781,129.199,4,0.653,5794335,262.78162,262781.0,0.0,260.01706,0.754,0.02,0.99,0.891,283550,77,1
c7dcf9b4-3c08-4d33-bea5-1a982bdfd2ea,0.51348,0.919,0.823,0.28454,5,0.3703,-6.35,1,0.5093,117.454,7,0.673,3586591,162.6572,162657.0,0.0,161.84308,0.787,0.014,0.994,0.894,236973,67,1
0419fe38-fe85-4e46-b9c7-592d56b5e7f3,0.45432,0.842,0.896,0.2513,9,0.4,-8.38,0,0.5507,117.454,4,0.654,4316703,195.76884,195768.0,0.1161,193.81696,0.787,0.039,0.995,0.896,241400,68,1
6d61af86-14f3-4182-ba1b-d79f465c0f18,0.44476,0.785,0.896,0.24814,9,0.4,-8.926,0,0.5847,135.999,3,0.693,5735967,260.13455,260134.0,1.11456,246.43338,0.72,0.013,0.991,0.892,259651,36,0
f1c8c0e3-a060-4c82-9dc4-9f11f829471b,0.4359,0.896,0.914,0.26793,9,0.3715,-6.312,0,0.5669,129.199,4,0.682,3060255,138.78706,,0.0,134.60608,0.754,0.025,0.994,0.895,185624,47,1
ec0aa337-9a2b-4f0a-91b1-f2d38d93a735,0.43415,0.896,0.94,0.27112,2,0.3849,-7.776,0,0.5384,129.199,3,0.687,3318303,150.48993,,0.44118,149.97769,0.754,0.007,0.992,0.893,150468,13,1
f6263bda-d28e-41d9-a9a3-28689a893f28,0.48274,0.745,0.853,0.14211,5,0.4,-7.918,1,0.5849,86.133,5,0.643,5946911,269.70117,269701.0,10.54186,253.49223,0.631,0.019,0.988,0.89,143213,55,1
d67f1b8e-79f9-4549-b274-6f747c742d69,0.43128,0.909,0.917,0.22176,9,0.328,-5.665,0,0.5935,129.199,4,0.682,3033631,137.57964,,1.57896,134.76862,0.754,0.015,0.99,0.891,137578,37,1
2662c066-4303-439b-9ac9-c8f99ca689a6,0.51151,0.594,0.808,0.25895,9,0.4,-8.737,0,0.5053,161.499,7,0.674,6497823,294.68585,294685.0,2.15946,285.62866,0.593,0.01,0.993,0.893,302492,54,1
fc626382-000a-4a08-ab2f-1e752af08082,0.45702,0.878,0.871,0.31292,5,0.4,-10.541,0,0.5065,123.047,3,0.661,5087775,230.7381,230738.0,0.0,229.34349,0.785,0.023,0.987,0.888,198973,85,1
ccb06d5b-dd8f-4c9c-9d63-e8b5edac9f7f,0.45336,0.93,0.888,0.2645,9,0.4,-6.56,0,0.5437,117.454,4,0.652,3141151,142.45583,,0.09288,140.94511,0.787,0.015,0.988,0.889,142428,55,1
93cd2061-5474-4a08-a806-8c236883ae4d,0.40754,0.865,0.931,0.25136,5,0.3067,-7.404,1,0.5956,103.359,6,0.707,3457567,156.80576,,0.16254,153.73932,0.717,0.022,0.991,0.892,127448,40,1
d2896404-1b4a-4e28-aa9d-abfcb46deea3,0.39085,0.917,0.872,0.23364,9,0.2365,-5.383,0,0.5836,123.047,3,0.661,3864095,175.2424,,0.0,172.96544,0.785,0.018,0.995,0.895,126269,41,1
8e710576-e6d3-4095-a362-005739cacf05,0.43138,0.939,0.893,0.25935,9,0.4,-10.754,0,0.554,117.454,3,0.653,3175967,144.03477,,0.04644,143.89406,0.787,0.012,0.989,0.89,161119,53,0
476c015d-3264-488f-b6c9-1a576c0df97b,0.45326,0.867,0.873,0.31914,5,0.3925,-8.491,1,0.5343,103.359,3,0.695,5021215,227.7195,227719.0,0.0,224.6995,0.717,0.03,0.993,0.894,227692,27,0
f25ba485-da0f-404b-85f5-2ff0f2cc3091,0.3983,0.892,0.862,0.27499,9,0.239,-6.411,0,0.5937,117.454,3,0.643,6246943,283.30807,283308.0,2.50776,282.65652,0.787,0.019,0.993,0.894,283306,63,1
0b8e5b0b-145e-4abc-b6cc-b4b78fcaa75b,0.54628,0.91,0.785,0.24527,5,0.4,-5.057,1,0.4482,107.666,7,0.609,4527104,205.31084,205310.0,0.06966,204.63747,0.738,0.01,0.99,0.891,106333,72,1
bcc0a5a9-d184-4f27-8df9-faf8054dac02,0.4897,0.834,0.843,0.23567,5,0.3603,-5.785,1,0.5522,99.384,4,0.659,3024415,137.16168,137161.0,0.0,135.99927,0.697,0.053,0.99,0.891,137151,66,1
74c28767-4b40-40d0-83ba-8db3bb7ac6fd,0.47322,0.877,0.857,0.24535,5,0.4,-9.678,1,0.538,112.347,3,0.701,6253087,283.5867,283586.0,0.02322,277.24625,0.762,0.016,0.994,0.894,254407,70,0
648adef1-227a-48c0-b26b-20031b18bb7f,0.44551,0.836,0.837,0.26723,5,0.2719,-6.551,1,0.5746,107.666,7,0.669,8270367,375.07333,375073.0,0.0,373.8877,0.738,0.017,0.994,0.895,375050,60,1
ba5cc734-613a-4ce3-b603-7999cfa98d5c,0.5495,0.808,0.767,0.16883,5,0.4,-7.307,1,0.3906,95.703,4,0.564,4845087,219.73184,219731.0,0.0,219.70721,0.679,0.033,0.993,0.893,219692,81,1
8aafa0ba-49bd-4166-8346-81c3b8e19d82,0.48646,0.852,0.85,0.22615,9,0.4,-8.839,0,0.5781,129.199,4,0.653,5794335,262.78162,262781.0,0.0,260.01706,0.754,0.02,0.99,0.891,210360,61,1
83360ec0-218f-4e06-81b4-06ff818152dc,0.47149,0.894,0.834,0.21299,9,0.3045,-8.101,0,0.5586,112.347,4,0.6,6208031,281.54337,281543.0,0.0,278.2215,0.762,0.016,0.991,0.892,216557,62,0
7e7a22c8-7793-48cf-bc46-5acdf93f2455,0.42784,0.916,0.932,0.25613,9,0.3944,-7.766,0,0.4742,129.199,3,0.686,2850335,129.26689,,0.09288,127.64009,0.754,0.012,0.992,0.893,129238,47,1
81f8f19b-4242-44b8-9e10-8105e08d6046,0.35481,0.785,0.949,0.2568,5,0.2934,-7.714,1,0.4794,86.133,6,0.674,4254239,192.936,192936.0,0.0,192.37732,0.631,0.017,0.987,0.888,192931,77,1
e6a666cc-daa3-43eb-8f9e-e98ead8e19ac,0.47968,0.713,0.815,0.30368,9,0.2896,-5.562,0,0.5408,86.133,4,0.524,5087775,230.7381,230738.0,0.06966,225.93016,0.631,0.022,0.99,0.891,230717,56,1
bab4689f-d50b-4eb3-96dc-c8b0f0674170,0.40989,0.869,0.932,0.2033,5,0.3192,-6.131,1,0.5973,129.199,3,0.76,4732447,214.62344,214623.0,0.04644,206.86658,0.754,0.021,0.994,0.895,241853,64,1
12360d51-bb49-4068-950b-3190d4555bf4,0.35001,0.904,0.904,0.21963,5,0.2299,-4.411,1,0.5906,129.199,3,0.755,3648031,165.44357,,0.13932,160.28735,0.754,0.014,0.991,0.892,165404,55,1
7aadb054-67de-471b-b18a-11e61ff97c58,0.4129,0.876,0.873,0.28452,5,0.2651,-6.949,1,0.577,103.359,4,0.695,4690944,212.74123,212741.0,0.1161,204.5678,0.717,0.02,0.995,0.895,213813,66,1
d30a6e00-4a45-4794-95ed-99863d36cf19,0.39056,0.868,0.944,0.19824,2,0.3022,-6.814,0,0.5563,123.047,5,0.675,3024415,137.16168,137161.0,0.0,136.9745,0.785,0.02,0.989,0.89,182767,79,1
6dbbb6ac-2601-48ee-8a2f-11458e65ffb1,0.50948,0.865,0.815,0.22372,5,0.3265,-7.312,1,0.5196,107.666,3,0.644,5571103,252.65773,252657.0,0.0,252.2616,0.738,0.017,0.993,0.894,169134,79,1
0ccf0f11-7cfe-483b-848d-fb0e947a212b,0.46795,0.934,0.895,0.23415,9,0.4,-8.201,0,0.5986,123.047,3,0.665,3987999,180.86163,,0.06966,176.58775,0.785,0.008,0.993,0.894,185835,9,1
9e58e03d-3260-4cd8-b84f-bbb17e38fcb0,0.44035,0.796,0.96,0.27873,9,0.3434,-8.059,0,0.4805,143.555,3,0.721,3010079,136.51152,,0.48762,133.49152,0.682,0.016,0.991,0.892,136486,53,1
bead2feb-51f7-47e3-963f-a8d742b98a16,0.45783,0.833,0.883,0.24861,9,0.4,-9.82,0,0.5871,129.199,6,0.676,6808095,308.75714,308757.0,0.25542,308.54675,0.754,0.014,0.995,0.895,307640,66,1
7e0c3836-e998-479f-9c52-82e40977fc97,0.38941,0.756,0.923,0.31563,0,0.2801,-7.288,1,0.5244,143.555,6,0.789,2982431,135.25764,,0.3483,133.42186,0.682,0.014,0.99,0.891,137163,22,1
c6cf9ccd-462c-44a0-a9d0-069168c2d8bb,0.51988,0.795,0.807,0.23564,5,0.4,-12.409,1,0.5081,135.999,4,0.693,6661120,302.0916,302091.0,0.20898,297.1922,0.72,0.019,0.988,0.889,301960,73,1
f4cb115d-c13e-4aa5-95a5-26d1807bb2ff,0.43614,0.929,0.951,0.23681,5,0.349,-8.541,1,0.4938,123.047,4,0.752,3850783,174.63869,,0.9288,168.34467,0.785,0.011,0.992,0.893,174627,21,1
f3329982-417a-4b27-8e98-6e4f3a0d8c5a,0.49739,0.877,0.845,0.24539,2,0.334,-7.751,0,0.5803,129.199,4,0.648,5977631,271.0944,271094.0,0.0,265.24155,0.754,0.014,0.989,0.89,264130,28,0
52c293d3-9d4b-42de-ba63-ca0a21c86611,0.41279,0.893,0.83,0.14626,5,0.2315,-4.703,1,0.4742,103.359,3,0.652,5261855,238.63287,238632.0,0.0,235.4039,0.717,0.021,0.99,0.891,188702,66,1
e1db42b4-6cac-44b5-8973-70f0df6cde8b,0.40546,0.858,0.926,0.21691,5,0.4,-7.165,1,0.5675,129.199,4,0.759,3759647,170.50552,170505.0,0.02322,165.2332,0.754,0.028,0.991,0.892,231231,65,1
00dfa354-2b31-4b28-9317-d8337986b158,0.50094,0.752,0.696,0.31144,5,0.3845,-17.335,1,0.5221,143.555,5,0.704,3597149,163.13602,163136.0,0.20898,157.66348,0.682,0.01,0.983,0.884,163120,58,1
22d2e83d-a02f-4ce9-a565-ad58998f8fcb,0.53746,0.73,0.776,0.30291,2,0.3997,-8.427,0,0.4357,143.555,3,0.6,6504991,295.01093,295010.0,0.06966,285.9073,0.682,0.008,0.99,0.891,294973,66,1
0f02a9b4-ee09-4e82-8f3a-fd0987a1fd57,0.416,0.763,0.957,0.23517,5,0.3093,-7.419,1,0.4552,143.555,4,0.795,3595807,163.07515,,0.0,158.84772,0.682,0.019,0.993,0.894,162797,50,0
959aada1-38cd-41eb-9e29-fafad40ef8c9,0.45304,0.844,0.9,0.27715,9,0.351,-5.474,0,0.5918,135.999,4,0.693,3234335,146.68185,,0.78948,144.521,0.72,0.013,0.989,0.89,183272,60,1
9dc8002c-fa47-4bcb-af9b-ebc67a6ff066,0.43873,0.772,0.944,0.29969,9,0.3554,-9.835,0,0.4928,143.555,5,0.718,3183135,144.35986,,0.0,143.15102,0.682,0.015,0.99,0.891,131904,28,0
8205ffc6-dd62-4e65-848a-8c80592bbe1f,0.48352,0.799,0.838,0.27522,5,0.328,-7.304,1,0.5375,89.103,3,0.631,4988447,226.23341,226233.0,0.1161,222.7258,0.646,0.022,0.992,0.893,226220,53,1
7128ba66-a45b-4297-b8bc-417d816d5f10,0.46899,0.801,0.822,0.28231,5,0.2905,-7.129,1,0.4618,135.999,4,0.711,4822559,218.71016,218710.0,0.0,216.85117,0.72,0.015,0.991,0.892,218682,74,1
9f90c3b6-0c93-4744-ac72-7112efcf732d,0.4504,0.781,0.899,0.22967,9,0.3229,-6.419,0,0.5997,143.555,4,0.709,3019295,136.92947,,0.0,135.2098,0.682,0.033,0.99,0.891,136901,31,0
771119b9-71a4-4472-8f6e-84866cee12d6,0.43788,0.676,0.884,0.28127,9,0.3048,-8.772,0,0.5532,76.0,7,0.565,7247872,328.7017,328701.0,0.25542,318.29913,0.58,0.017,0.991,0.892,212280,63,1
5a363069-d0c3-4502-9f61-d61d18051016,0.51268,0.709,0.812,0.24039,5,0.4,-8.9,1,0.5134,86.133,7,0.596,8115743,368.0609,368060.0,0.0,366.13223,0.631,0.022,0.992,0.893,368035,63,0
2e49a05b-3b92-4659-9914-0cd63365e0be,0.46419,0.837,0.881,0.27054,5,0.4,-8.535,1,0.5805,129.199,4,0.75,4617759,209.42218,209422.0,4.64399,187.77977,0.754,0.04,0.992,0.892,157390,60,0
705f7d50-b885-4cbd-bb82-bede20000c7c,0.52587,0.651,0.804,0.26032,5,0.4,-8.044,1,0.5168,99.384,4,0.614,6398495,290.18118,290181.0,0.04644,289.71536,0.697,0.024,0.994,0.895,386165,67,0
71360539-1da3-4f1f-ac45-a65dc73e2ced,0.57715,0.817,0.725,0.35325,7,0.3237,-8.464,0,0.3269,89.103,7,0.428,5825055,264.17484,264174.0,0.09288,260.01706,0.646,0.006,0.984,0.886,261853,56,1
11d560d1-f47b-4b48-9762-840616e1671a,0.51656,0.67,0.806,0.22192,5,0.4,-8.48,1,0.461,80.75,4,0.578,5671455,257.20883,257208.0,5.22449,249.52164,0.604,0.023,0.996,0.896,257180,51,1
bae6086b-ac82-43a3-9258-e73da123140b,0.62136,0.708,0.548,0.37433,9,0.4,-16.746,0,0.2464,92.285,4,0.36,3845663,174.4065,174406.0,0.16254,171.1775,0.661,0.046,0.986,0.887,174398,43,1
9f10d7a8-cbe7-48a1-b190-04945ee8f204,0.33488,0.928,0.972,0.28416,5,0.2329,-5.932,1,0.5844,112.347,6,0.733,4172319,189.22083,189220.0,0.09288,186.50269,0.762,0.014,0.994,0.895,189176,59,1
6326ae60-3be1-4f7d-b32e-5a087d3a495d,0.43697,0.839,0.895,0.27222,9,0.4,-7.348,0,0.5782,99.384,3,0.616,2457119,111.43397,111433.0,1.57896,100.35664,0.697,0.022,0.99,0.891,188189,60,1
c1333abd-2772-46ee-bcdd-63aa4ba477df,0.47149,0.894,0.834,0.21299,9,0.3045,-8.101,0,0.5586,112.347,4,0.6,6208031,281.54337,281543.0,0.0,278.2215,0.762,0.016,0.991,0.892,281518,80,1
b2e67ccd-5849-4255-94e2-e22a1f1a8a57,0.42646,0.899,0.86,0.29583,9,0.2876,-11.09,0,0.5663,112.347,7,0.63,5006336,227.04472,227044.0,0.13932,223.49207,0.762,0.013,0.986,0.888,226906,56,1
35fd1b45-c1dd-443f-aa53-294ede105202,0.51486,0.722,0.811,0.25005,5,0.4,-8.086,1,0.4736,86.133,4,0.595,4835871,219.31387,219313.0,0.06966,213.92545,0.631,0.081,0.987,0.888,251333,61,1
4472bce7-3d6c-42db-aa7e-743d820fb65b,0.45095,0.872,0.896,0.25682,5,0.3894,-7.543,1,0.5969,99.384,4,0.691,3453471,156.62,,0.0,153.32137,0.697,0.029,0.996,0.897,156575,31,1
925938f5-b108-4f8b-a28e-72ba5e26b69f,0.4315,0.937,0.916,0.27707,9,0.3801,-8.957,0,0.5133,112.347,4,0.647,3801631,172.40958,,0.0,169.62177,0.762,0.021,0.994,0.894,172363,35,1
a582cb09-414a-46ce-8ade-ec7e391d66b7,0.36674,0.902,0.941,0.273,5,0.2558,-8.56,1,0.5744,129.199,3,0.762,3229215,146.44966,,0.1161,143.17424,0.754,0.012,0.989,0.89,146430,29,1
7a07aeb6-3176-44a0-a218-f3d92bfd1032,0.45266,0.915,0.889,0.25339,5,0.4,-7.806,1,0.5985,117.454,4,0.728,3616287,164.00395,164003.0,0.0,155.24863,0.787,0.017,0.995,0.896,283816,71,1
b26a9ab8-708b-40fa-be8c-ea31de851ea5,0.39781,0.902,0.861,0.21892,9,0.2498,-5.647,0,0.5814,129.199,3,0.666,3368479,152.76549,,0.67338,147.91112,0.754,0.014,0.996,0.896,152728,45,1
9355db65-a38a-4449-814c-52ac0c0734f2,0.43234,0.668,0.914,0.28873,2,0.3362,-7.345,0,0.4896,151.999,4,0.729,4516383,204.82463,204824.0,0.0,202.06004,0.64,0.018,0.988,0.889,204805,55,1
c03d0754-39f2-4bf1-8bea-8cbac0670770,0.41841,0.903,0.952,0.2595,5,0.4,-9.766,0,0.407,112.347,7,0.654,4920863,223.1684,223168.0,2.2059,219.77687,0.762,0.01,0.985,0.886,218611,65,1
c5f7a929-0393-4d5f-a50d-2d120714307f,0.46618,0.907,0.872,0.24917,9,0.4,-6.476,0,0.5974,123.047,3,0.661,5337631,242.06943,242069.0,0.0,240.46585,0.785,0.01,0.992,0.893,242026,69,1
eb1d574e-ce78-4ece-a5f3-e75beab24531,0.44392,0.833,0.892,0.22757,5,0.4,-7.118,1,0.5996,135.999,3,0.767,5217823,236.63596,236635.0,0.90558,236.23982,0.72,0.015,0.99,0.891,236614,67,1
523eae6f-ce0d-4e44-9897-5d2aa01110c8,0.52848,0.759,0.795,0.26828,5,0.4,-8.094,1,0.4433,135.999,3,0.68,4621312,209.58331,209583.0,1.83438,196.71947,0.72,0.018,0.993,0.893,252640,63,1
d2e6cc41-7557-42e3-88fa-a6db6bbb0b4f,0.41259,0.885,0.934,0.23839,5,0.4,-9.562,1,0.4599,123.047,3,0.748,5408287,245.27379,245273.0,0.0,245.01695,0.785,0.02,0.992,0.893,245226,73,1
5e76e38b-dcdd-4597-8712-8edd7e649f78,0.57112,0.876,0.724,0.31791,5,0.318,-7.281,1,0.3033,117.454,7,0.561,3885599,176.21764,176217.0,0.09288,174.35864,0.787,0.017,0.984,0.886,374025,27,0
4520f181-9978-4b7b-a05a-5db615667a20,0.45432,0.842,0.896,0.2513,9,0.4,-8.38,0,0.5507,117.454,4,0.654,4316703,195.76884,195768.0,0.1161,193.81696,0.787,0.039,0.995,0.896,195720,63,1
c863aad8-c55d-4bcc-8e6f-cb2508c0bf52,0.44626,0.848,0.793,0.18683,9,0.2471,-11.74,0,0.4599,112.347,4,0.553,5820959,263.98907,263989.0,0.04644,253.49223,0.762,0.022,0.992,0.893,263987,65,1
a5c68650-963d-4870-ba49-13918f9d32ef,0.43946,0.855,0.924,0.2944,5,0.3419,-10.637,1,0.5996,135.999,4,0.773,3955231,179.37556,,3.52943,175.89116,0.72,0.012,0.994,0.895,126857,35,0
0b14b5af-4fad-411e-90ad-cd81c5d85b36,0.46973,0.838,0.865,0.25818,9,0.4,-6.962,0,0.5714,95.703,7,0.6,5297695,240.25829,240258.0,0.0,240.00145,0.679,0.013,0.994,0.895,240217,56,1
a03d8f28-ef55-47e3-b6ec-d8e5c0ddd3d4,0.39283,0.742,0.876,0.29372,5,0.2545,-6.536,1,0.5941,143.555,3,0.779,4257311,193.07533,193075.0,0.04644,193.00426,0.682,0.009,0.995,0.896,212613,66,1
4dff070e-3897-4d90-a686-4cab7af40e0f,0.44735,0.919,0.975,0.28971,2,0.3662,-10.225,0,0.4337,112.347,4,0.659,2587167,117.33184,,0.04644,115.44961,0.762,0.018,0.991,0.892,135211,54,1
00acec26-489c-49dc-b470-2c00488b3d94,0.4624,0.744,0.875,0.2893,9,0.3372,-7.381,0,0.5914,143.555,4,0.704,2786847,126.38762,126387.0,0.0,118.53787,0.682,0.02,0.985,0.886,126356,74,1
03e2fe95-1dc3-4e30-ab0b-6f8edb6da747,0.52843,0.814,0.801,0.18274,5,0.4,-9.698,1,0.4678,129.199,4,0.673,2345503,106.37202,106372.0,0.25542,102.9805,0.754,0.039,0.987,0.888,270200,59,1
5e40834a-5194-4f71-aa80-d85798bd8bd8,0.42206,0.845,0.913,0.22502,5,0.3242,-5.729,1,0.5985,129.199,4,0.757,4801055,217.73492,217734.0,1.3932,212.55547,0.754,0.015,0.994,0.895,217706,57,1
341cea7a-2298-48e5-9e5e-fa75bc064958,0.51656,0.67,0.806,0.22192,5,0.4,-8.48,1,0.461,80.75,4,0.578,5671455,257.20883,257208.0,5.22449,249.52164,0.604,0.023,0.996,0.896,235477,49,1
d99d0a80-bf48-4d70-aef8-416e9a923b4d,0.41638,0.911,0.94,0.23147,5,0.3299,-6.027,1,0.5684,112.347,7,0.727,5427743,246.15614,246156.0,2.80961,241.97514,0.762,0.013,0.994,0.894,298940,87,1
dc179e70-4f55-41fb-9206-783db116f8ab,0.41702,0.72,0.883,0.27253,5,0.2821,-6.969,1,0.5862,143.555,4,0.781,3969567,180.02571,180025.0,0.0,173.82458,0.682,0.026,0.991,0.892,180000,60,1
40dd6d4c-7172-4495-9df9-b373d37751db,0.41218,0.78,0.895,0.28233,9,0.2806,-10.049,0,0.5853,143.555,6,0.708,3240479,146.9605,,0.0,143.68507,0.682,0.011,0.99,0.891,136338,57,1
2687ed63-c21a-46e2-a2ca-0e6d13dd57bb,0.38698,0.848,0.919,0.28914,9,0.2719,-5.903,0,0.5442,135.999,7,0.697,4442655,201.48096,,1.23066,198.36807,0.72,0.006,0.992,0.893,201459,43,1
04b6cf24-c089-4fe3-a83c-95581dca0725,0.46622,0.726,0.882,0.30025,5,0.3509,-6.935,1,0.5708,143.555,4,0.78,7332383,332.5344,332534.0,0.02322,306.08545,0.682,0.015,0.983,0.885,332529,49,1
181b32af-758b-4b9f-8dbb-ead18cefae27,0.4904,0.918,0.795,0.21075,5,0.2852,-6.976,1,0.4558,112.347,4,0.631,3475999,157.64168,157641.0,0.0,154.8771,0.762,0.016,0.996,0.897,157605,65,1
6329defb-eb74-4175-99b0-ebbf5500f542,0.43755,0.932,0.904,0.27403,2,0.3548,-13.11,0,0.5053,117.454,3,0.656,2572831,116.68168,,0.02322,116.49451,0.787,0.023,0.978,0.88,129450,50,1
b673aeca-accf-4e54-9412-96a9891eed45,0.45774,0.887,0.878,0.21126,5,0.4,-6.104,1,0.575,107.666,4,0.705,5278239,239.37592,239375.0,0.32508,238.6547,0.738,0.03,0.994,0.895,239359,75,1
b6672964-8b1f-4d31-9010-3308af6496b7,0.43643,0.814,0.957,0.28136,5,0.4,-9.21,1,0.4306,92.285,4,0.689,3469855,157.36304,,1.25388,156.68825,0.661,0.036,0.99,0.891,179375,10,1
23b3dd98-e0ca-4654-a468-e2f8e47c32fc,0.47557,0.825,0.854,0.187,5,0.4,-5.64,1,0.5607,135.999,4,0.748,3592192,162.9112,162911.0,0.32508,158.29044,0.72,0.022,0.992,0.893,162800,60,1
9f7c518b-0030-4a17-b222-5730bb8a302c,0.47294,0.884,0.76,0.31219,5,0.2285,-4.051,1,0.3204,123.047,4,0.613,3816991,173.10617,173106.0,0.0,173.10477,0.785,0.014,0.987,0.889,181933,70,1
5a0adc1c-643a-449b-ba13-484b9a63544b,0.51953,0.886,0.821,0.30954,5,0.3637,-6.883,1,0.558,107.666,6,0.65,2759199,125.13374,,0.02322,124.36608,0.738,0.032,0.991,0.892,125091,52,1
c7674c57-5c89-46ce-b440-6820c4defe5a,0.47121,0.759,0.857,0.25599,5,0.4,-7.038,1,0.5664,143.555,4,0.767,5247519,237.98273,237982.0,0.16254,237.74911,0.682,0.009,0.995,0.895,306396,39,0
9b5475cf-0b74-4155-814e-67a5a98a55f9,0.41205,0.864,0.898,0.29216,9,0.286,-6.608,0,0.5906,129.199,4,0.679,3133983,142.13075,,5.54957,139.90022,0.754,0.031,0.99,0.891,142095,29,0
ff2b7094-843b-42fb-9451-311d662b42fc,0.45098,0.888,0.896,0.27488,9,0.3542,-6.934,0,0.5766,107.666,5,0.633,4267551,193.53973,,1.53252,191.49496,0.738,0.018,0.99,0.891,139048,40,1
ce8637fa-09fd-4101-a9be-bd90ee9c4ec4,0.45003,0.904,0.809,0.31267,2,0.2541,-6.776,0,0.5094,117.454,3,0.582,5401119,244.94872,244948.0,0.1161,240.79092,0.787,0.023,0.991,0.892,275226,69,1
c178d467-388b-487b-9617-02997dfeda7d,0.47921,0.869,0.863,0.24419,5,0.3378,-6.342,1,0.5792,99.384,3,0.681,3884575,176.1712,,0.02322,175.49641,0.697,0.03,0.99,0.891,176160,36,1
57a19860-852e-4dcf-83d6-2e6684503cf4,0.46377,0.868,0.87,0.14961,5,0.3814,-6.349,1,0.5708,103.359,3,0.694,5767711,261.5742,261574.0,0.0,259.99384,0.717,0.016,0.993,0.894,237932,60,1
624af3e9-1cab-467e-9f50-34bb05c36d1e,0.44755,0.9,0.865,0.29467,9,0.3092,-7.669,0,0.5916,103.359,4,0.617,5246495,237.93628,237936.0,0.09288,237.70268,0.717,0.008,0.994,0.894,181428,54,1
4f1b4e01-a27b-4566-a031-8628a4c5b54e,0.45867,0.87,0.889,0.26159,9,0.4,-13.454,0,0.5121,95.703,4,0.607,4564511,207.0073,,0.13932,205.2644,0.679,0.009,0.988,0.889,207000,27,1
a54fe042-1e02-45d0-8436-8003819d4cfc,0.42891,0.834,0.873,0.28252,9,0.2788,-8.991,0,0.576,135.999,4,0.688,3402271,154.298,,2.85605,150.9297,0.72,0.018,0.992,0.893,154285,45,0
0873b2ec-1280-46d7-84de-e02a0b7c1db6,0.51463,0.777,0.771,0.2591,5,0.2924,-5.788,1,0.3899,92.285,6,0.562,5037599,228.46254,228462.0,0.0,219.03383,0.661,0.019,0.991,0.892,228461,69,1
7b6f99c6-5de6-4a9e-8dac-f5cdc18da3e4,0.42112,0.887,0.876,0.252,5,0.2835,-6.654,1,0.5951,117.454,4,0.725,4381215,198.69456,198694.0,0.06966,194.72253,0.787,0.027,0.993,0.893,198692,63,1
0546116b-bc9d-4b21-a564-5f10496e4158,0.4086,0.875,0.924,0.26103,9,0.4,-10.777,0,0.4927,129.199,4,0.684,3018271,136.88304,,0.04644,134.14168,0.754,0.022,0.985,0.887,129924,36,0
6f04200b-7531-40e6-937c-3b6817f7116d,0.58252,0.853,0.727,0.30456,2,0.3608,-9.237,0,0.296,129.199,5,0.513,2605599,118.16776,118167.0,0.0,112.47746,0.754,0.022,0.982,0.884,118153,65,0
78c47c33-dce6-4c5c-b7b4-0ecb70be3677,0.49479,0.81,0.842,0.30899,9,0.3835,-6.362,0,0.581,92.285,4,0.568,3938847,178.63252,178632.0,0.0,177.60944,0.661,0.023,0.992,0.893,178623,63,1
d2b4dda5-d15e-4d98-ab09-015d30874762,0.47903,0.874,0.862,0.27826,5,0.4,-9.733,1,0.5908,103.359,4,0.689,5841439,264.91788,264917.0,0.04644,260.10992,0.717,0.016,0.994,0.895,253803,58,1
1d244eea-5866-4c72-a805-1f4cfb6b8530,0.4624,0.744,0.875,0.2893,9,0.3372,-7.381,0,0.5914,143.555,4,0.704,2786847,126.38762,126387.0,0.0,118.53787,0.682,0.02,0.985,0.886,305373,66,1
72d91fa3-8a96-407f-8265-80335c456559,0.42167,0.927,0.957,0.255,5,0.3263,-7.595,1,0.4705,123.047,5,0.753,4284959,194.32921,194329.0,0.0,194.3278,0.785,0.01,0.991,0.892,194324,78,1
36c6f1b8-06d6-49ca-b790-9ad9c5f5717f,0.47813,0.851,0.857,0.22843,9,0.3846,-7.412,0,0.581,129.199,3,0.662,6032927,273.60214,273602.0,0.0,272.5094,0.754,0.022,0.994,0.894,210937,70,1
23bf83a1-920d-419d-add2-0f8effabbf6e,0.46754,0.863,0.835,0.2983,0,0.2876,-5.718,1,0.5784,103.359,4,0.658,4717568,213.94865,213948.0,0.4644,204.6839,0.717,0.015,0.99,0.891,172337,69,1
0a874190-86ca-4eb1-9ad9-8ad89e3c1262,0.52013,0.794,0.801,0.24246,5,0.4,-8.314,1,0.4732,107.666,5,0.628,3697183,167.6727,167672.0,3.29723,160.26413,0.738,0.026,0.993,0.893,177840,58,1
f153a7ab-5d7f-402e-8d8b-ac7e664aba45,0.39283,0.742,0.876,0.29372,5,0.2545,-6.536,1,0.5941,143.555,3,0.779,4257311,193.07533,193075.0,0.04644,193.00426,0.682,0.009,0.995,0.896,245240,56,1
deff7c6f-a1e5-40cb-8217-db9fbd85c729,0.46322,0.75,0.793,0.19315,5,0.2542,-6.233,1,0.373,143.555,7,0.693,4401695,199.62337,199623.0,0.0,197.76434,0.682,0.017,0.987,0.889,199602,64,1
462364cd-21a7-4b3f-a2fc-a021025f2006,0.42757,0.858,0.765,0.20858,9,0.1948,-7.09,0,0.4115,123.047,4,0.544,4184607,189.7781,189778.0,0.0,189.14975,0.785,0.028,0.99,0.891,289560,57,1
2274d23a-e90c-4a4e-8743-3bf3a01a7768,0.43078,0.849,0.918,0.29802,5,0.3789,-8.677,0,0.4933,123.047,4,0.67,5087775,230.7381,230738.0,0.0,229.34349,0.785,0.022,0.987,0.888,230709,75,1
aa3c79b9-a58e-4dcd-b717-ba411100d6ba,0.54628,0.91,0.785,0.24527,5,0.4,-5.057,1,0.4482,107.666,7,0.609,4527104,205.31084,205310.0,0.06966,204.63747,0.738,0.01,0.99,0.891,209453,47,1
a8287191-77b4-44c5-95d0-50e4253e4e37,0.4202,0.94,0.829,0.29405,9,0.2228,-6.068,0,0.5335,123.047,3,0.617,5082655,230.5059,230505.0,0.0,224.3512,0.785,0.008,0.993,0.894,230484,71,1
bb243b68-517c-4a7f-8a68-2a7582ea92ed,0.54628,0.91,0.785,0.24527,5,0.4,-5.057,1,0.4482,107.666,7,0.609,4527104,205.31084,205310.0,0.06966,204.63747,0.738,0.01,0.99,0.891,209990,72,1
150cb1a3-a44a-451a-9c76-db24a3b47287,0.46486,0.855,0.871,0.15869,9,0.4,-7.422,0,0.5986,135.999,4,0.688,5889567,267.10052,267100.0,0.04644,240.72127,0.72,0.008,0.992,0.892,267066,83,0
ffa5b846-4cc7-4c5f-ba7d-a9b9444a54ac,0.49828,0.79,0.831,0.16066,5,0.4,-6.239,1,0.495,92.285,5,0.63,4870687,220.89284,220892.0,8.33596,216.27066,0.661,0.028,0.989,0.89,220862,60,1
e3811702-25ba-4bd4-b8ce-b6a11a1e7265,0.4454,0.771,0.893,0.23184,5,0.4,-8.676,1,0.5802,89.103,4,0.669,3971615,180.11859,180118.0,0.0,178.02739,0.646,0.031,0.991,0.892,180098,62,1
6dd32106-4c0b-4d64-873a-a53172c7972c,0.49479,0.81,0.842,0.30899,9,0.3835,-6.362,0,0.581,92.285,4,0.568,3938847,178.63252,178632.0,0.0,177.60944,0.661,0.023,0.992,0.893,205426,75,1
32d57aac-e48c-462a-b4ce-5ba2beb429ea,0.39056,0.868,0.944,0.19824,2,0.3022,-6.814,0,0.5563,123.047,5,0.675,3024415,137.16168,137161.0,0.0,136.9745,0.785,0.02,0.989,0.89,209413,60,1
15103fdc-33c4-4504-9bb9-da5cfa53e733,0.38694,0.827,0.945,0.2744,9,0.2839,-7.075,0,0.5055,103.359,3,0.634,5173248,234.61443,234614.0,0.30186,224.74594,0.717,0.011,0.996,0.896,176179,70,1
f759ade6-f0d4-4135-bad4-6775face3a0e,0.40846,0.861,0.929,0.24967,9,0.4,-8.042,0,0.4558,107.666,4,0.64,3983903,180.67587,180675.0,0.06966,176.98248,0.738,0.018,0.991,0.892,180666,63,1
26e73c1f-fe68-448b-bc93-9acebb56b176,0.41189,0.742,0.962,0.24234,5,0.4,-8.575,1,0.4393,143.555,4,0.796,4822559,218.71016,218710.0,0.55728,218.0586,0.682,0.024,0.993,0.893,218673,62,1
f1419d75-8b2a-43bd-82a2-d24f2c25bce3,0.38694,0.827,0.945,0.2744,9,0.2839,-7.075,0,0.5055,103.359,3,0.634,5173248,234.61443,234614.0,0.30186,224.74594,0.717,0.011,0.996,0.896,181428,31,0
90f5d3cb-d52d-4151-8864-af0494d7789c,0.58074,0.76,0.737,0.29996,5,0.353,-5.818,1,0.2952,86.133,6,0.51,5540383,251.26454,251264.0,0.67338,234.75374,0.631,0.021,0.991,0.892,251239,65,1
affb760c-bfa9-459e-afe8-262aa7e3bc70,0.3645,0.725,0.93,0.30292,5,0.2544,-7.17,1,0.5338,143.555,6,0.79,3407391,154.5302,,0.06966,151.44054,0.682,0.016,0.987,0.888,159672,49,1
86e232df-b968-44ce-bb78-bc093119a179,0.48977,0.786,0.849,0.2059,9,0.4,-9.216,0,0.5854,135.999,3,0.666,8801823,399.17566,399175.0,3.45977,392.09216,0.72,0.009,0.99,0.891,320400,75,1
ffac3b18-40f9-4b43-96c8-f1d4aa7ad8ce,0.49546,0.782,0.832,0.23054,5,0.3447,-5.478,1,0.4741,143.555,3,0.738,6000159,272.11606,272116.0,0.65016,271.0001,0.682,0.018,0.996,0.896,225306,64,1
e2092ef1-94dc-468d-9caf-cd96eaed4094,0.43953,0.808,0.922,0.24397,5,0.3473,-5.629,1,0.5991,135.999,6,0.773,3175967,144.03477,,0.0,142.26866,0.72,0.008,0.989,0.89,144000,36,0
99d09bff-da5b-45d6-8822-d5775f184704,0.52848,0.759,0.795,0.26828,5,0.4,-8.094,1,0.4433,135.999,3,0.68,4621312,209.58331,209583.0,1.83438,196.71947,0.72,0.018,0.993,0.893,230709,29,0
6d4204dc-8bf0-442c-8084-43c84f150f73,0.40589,0.757,0.937,0.23553,5,0.3771,-7.528,1,0.5219,143.555,4,0.791,5246495,237.93628,237936.0,1.0449,236.12372,0.682,0.008,0.993,0.894,237735,72,1
d6585eaf-6029-45ce-997d-26dd893a3f86,0.45232,0.681,0.901,0.29119,5,0.4,-7.488,1,0.5677,151.999,4,0.802,4772864,216.45642,216456.0,0.13932,205.31084,0.64,0.017,0.99,0.891,264906,62,1
a8f6a9fe-c81f-4904-a56c-7ac6df1b9d9e,0.36186,0.878,0.889,0.23089,5,0.2246,-3.963,1,0.5722,103.359,4,0.698,3758623,170.45909,170459.0,0.0,170.15582,0.717,0.019,0.997,0.897,170414,48,1
1de44f1b-099b-4b09-afed-c9ce40b9ecfa,0.44433,0.937,0.917,0.27985,9,0.3439,-7.802,0,0.5646,123.047,4,0.67,2925087,132.65701,,0.09288,130.77478,0.785,0.017,0.99,0.891,132620,57,1
50308a6c-64e3-45f4-8547-4c251b30d60e,0.43439,0.92,0.971,0.23913,9,0.3834,-8.604,0,0.4515,123.047,5,0.681,3298847,149.60757,,0.20898,147.91112,0.785,0.012,0.996,0.896,132000,21,1
b68e0212-f0bd-45fc-9f30-8a26ad39ba16,0.49484,0.785,0.827,0.29074,5,0.3144,-7.218,1,0.5535,89.103,3,0.619,5284383,239.65456,239654.0,0.0,237.54015,0.646,0.019,0.996,0.897,239635,62,1
b2c49118-dfb4-4030-9457-c1ab53d2404c,0.46416,0.868,0.898,0.29447,5,0.3673,-7.619,1,0.5982,99.384,3,0.692,2822687,128.01302,,0.0,126.54875,0.697,0.033,0.991,0.891,128000,47,1
7fc7514d-8df0-4dfa-91ec-5c0e0670e230,0.54728,0.87,0.765,0.29299,9,0.4,-8.601,0,0.4182,123.047,4,0.544,2866719,130.00993,130009.0,0.0,127.64009,0.785,0.078,0.991,0.892,149077,72,1
8187188a-45f4-402a-abc1-73d34645c373,0.48098,0.708,0.856,0.19466,5,0.3862,-5.396,1,0.5362,80.75,4,0.635,4971039,225.44395,225443.0,0.0,223.28308,0.604,0.019,0.992,0.892,225439,66,1
9d226f5c-6876-4bb4-96dd-3fa7d031afd7,0.45218,0.92,0.862,0.28004,2,0.302,-6.531,0,0.5997,112.347,3,0.632,3801631,172.40958,,0.30186,169.52888,0.762,0.016,0.988,0.889,172390,51,1
7e6a2b63-c7ee-444a-8823-5a802043acff,0.48646,0.852,0.85,0.22615,9,0.4,-8.839,0,0.5781,129.199,4,0.653,5794335,262.78162,262781.0,0.0,260.01706,0.754,0.02,0.99,0.891,189768,48,1
01d09a86-4739-4a98-bb25-d9b7fdee4f75,0.49734,0.817,0.841,0.25476,5,0.4,-6.763,1,0.5663,135.999,3,0.733,3836447,173.98853,173988.0,2.18268,172.94221,0.72,0.015,0.996,0.897,173986,91,0
f235d15e-d567-4709-9c09-1e25638303a0,0.40766,0.895,0.901,0.26893,5,0.2874,-9.943,1,0.5848,129.199,4,0.754,3678751,166.83678,,0.16254,166.78893,0.754,0.011,0.989,0.89,173000,42,0
b03c761e-63bc-4177-83f0-b0f30a80f77b,0.42281,0.865,0.969,0.24488,9,0.3318,-9.256,0,0.408,99.384,4,0.631,4623903,209.70082,,0.0,204.47491,0.697,0.015,0.994,0.894,209684,46,1
ff1648d2-af3b-40bb-993c-c5f560098e34,0.48875,0.922,0.857,0.2568,5,0.3667,-6.411,1,0.5912,123.047,4,0.724,3352095,152.02245,,0.04644,150.32599,0.785,0.022,0.994,0.894,152000,53,1
a9c6c430-1e41-496f-a5f7-cea099e90f39,0.49751,0.826,0.826,0.22033,5,0.3244,-7.703,1,0.4855,99.384,5,0.639,6756895,306.43515,306435.0,0.02322,293.75565,0.697,0.032,0.991,0.892,154120,68,0
96a1f12d-caf4-46c7-945f-c2cbe1127633,0.48857,0.898,0.855,0.25086,5,0.3892,-8.455,1,0.6,123.047,4,0.721,4530719,205.47478,,0.0,203.49968,0.785,0.009,0.996,0.896,205440,64,1
9062b439-283a-494b-8e2d-71f378488168,0.3776,0.757,0.842,0.1468,9,0.2088,-5.274,0,0.537,143.555,4,0.674,5138975,233.06009,233060.0,0.0,228.53079,0.682,0.027,0.983,0.884,242965,74,1
2057036e-69a6-4cd1-b1ee-11f83ee2bdec,0.46636,0.879,0.871,0.20988,9,0.4,-6.872,0,0.5753,123.047,5,0.66,5194271,235.56786,235567.0,0.06966,232.38531,0.785,0.019,0.989,0.89,235566,65,1
318fb66d-8d72-4d49-899f-931ded4018fe,0.39011,0.908,0.872,0.2528,5,0.2422,-5.93,1,0.5482,107.666,4,0.704,3356191,152.2082,152208.0,0.0,151.20834,0.738,0.014,0.992,0.892,235261,41,0
ed120566-1257-4efe-83bc-7d7cdfbd6940,0.41279,0.893,0.83,0.14626,5,0.2315,-4.703,1,0.4742,103.359,3,0.652,5261855,238.63287,238632.0,0.0,235.4039,0.717,0.021,0.99,0.891,262046,58,1
6285d2fd-1dbd-4b45-a0cc-b7d4780059aa,0.42031,0.843,0.919,0.28385,1,0.4,-11.488,0,0.4747,135.999,3,0.697,2865695,129.96349,,0.0,122.5317,0.72,0.019,0.982,0.884,140769,43,1
f0dde6f2-bedc-483c-acf1-19f0426a3e35,0.53413,0.81,0.79,0.27502,9,0.4,-8.477,0,0.4228,92.285,4,0.508,4544031,206.0785,206078.0,0.0,193.23647,0.661,0.013,0.982,0.884,206026,63,1
a94584be-737d-46aa-b9ea-71c29e803ebd,0.45213,0.835,0.891,0.23849,5,0.4,-9.018,1,0.5982,112.347,3,0.717,6421023,291.20285,291202.0,0.04644,284.81595,0.762,0.015,0.996,0.896,129964,59,1
4108c8f3-62da-4e30-93ec-cf7fee80106d,0.4788,0.879,0.86,0.24736,9,0.4,-5.743,0,0.5988,103.359,3,0.611,4522527,205.10327,205103.0,0.97524,201.34023,0.717,0.021,0.991,0.892,285630,60,1
9f86cbc5-4927-45b3-9f60-8e0101ac6108,0.50732,0.825,0.691,0.27418,10,0.4,-16.969,0,0.5448,123.047,3,0.583,3997224,181.28,181280.0,0.0,176.2859,0.785,0.026,0.983,0.885,181276,67,1
fb866090-9cf8-4e4f-ab37-b4b0a4a1dd2a,0.47465,0.759,0.868,0.20551,5,0.3478,-5.874,1,0.5304,143.555,4,0.778,3619359,164.14326,164143.0,0.0,159.52109,0.682,0.016,0.992,0.893,291175,81,1
2b02b083-09a4-42f5-9f62-64c42ccd9f80,0.47149,0.894,0.834,0.21299,9,0.3045,-8.101,0,0.5586,112.347,4,0.6,6208031,281.54337,281543.0,0.0,278.2215,0.762,0.016,0.991,0.892,357920,70,1
1db539c1-9669-4333-9f9f-bd1e7da25fb5,0.43663,0.855,0.891,0.30362,5,0.3149,-6.36,0,0.514,117.454,6,0.653,5271552,239.07265,239072.0,3.92417,237.09895,0.787,0.014,0.983,0.885,238960,59,1
a5d1ff22-42bc-457e-8463-30a92ae44d49,0.50607,0.673,0.819,0.19955,5,0.4,-8.972,1,0.4954,80.75,3,0.593,5250591,238.12204,238122.0,18.36698,227.16081,0.604,0.034,0.994,0.894,238120,73,1
7a428a85-acdf-4f1b-a560-2b1298d33c28,0.50435,0.933,0.828,0.29099,5,0.319,-4.55,1,0.5057,117.454,3,0.679,5870111,266.2182,266218.0,0.0,265.91492,0.787,0.013,0.992,0.893,278000,70,1
7a38a7f8-a30d-4818-a05a-56f46ceedb8f,0.48492,0.69,0.856,0.25765,5,0.4,-8.28,1,0.5994,80.75,4,0.634,5323295,241.41927,241419.0,0.16254,240.69804,0.604,0.021,0.993,0.894,217925,74,1
7c10d849-0aee-43b9-b61b-953d73cb2eef,0.42589,0.798,0.959,0.27954,5,0.4,-9.586,1,0.4168,99.384,7,0.704,5333535,241.88367,241883.0,0.0,238.70113,0.697,0.016,0.99,0.891,351220,59,1
28011074-da5b-452b-8feb-3ecf5cddab04,0.48648,0.811,0.857,0.20632,5,0.4,-6.663,1,0.5275,135.999,6,0.75,3421727,155.18036,155180.0,0.0,141.99002,0.72,0.015,0.992,0.892,148509,66,1
f6c40879-1675-48ce-ac36-2e5ed57399f1,0.549,0.901,0.783,0.29019,5,0.4,-8.545,1,0.4393,123.047,3,0.64,5595679,253.7723,253772.0,0.0,251.8204,0.785,0.01,0.995,0.895,253770,53,0
d0a5daef-c066-4983-ae67-fb98a9507858,0.39906,0.848,0.901,0.27665,5,0.2856,-5.422,1,0.5377,135.999,3,0.768,5680671,257.6268,257626.0,0.06966,253.77087,0.72,0.01,0.994,0.895,257604,73,1
684fad19-8a9d-4e89-977d-b0298d3d7202,0.4295,0.791,0.897,0.29028,9,0.2948,-5.736,0,0.5939,143.555,4,0.709,2810399,127.45574,,0.95202,123.6927,0.682,0.014,0.989,0.89,179220,40,1
0137af62-f9d7-4f75-8bd7-7233a5168238,0.42758,0.842,0.883,0.21763,9,0.2999,-6.572,0,0.5988,129.199,4,0.676,5334559,241.93011,241930.0,1.13778,241.92871,0.754,0.02,0.987,0.888,243723,51,1
349060cc-4bae-456f-9d88-64c3d263827f,0.45003,0.904,0.809,0.31267,2,0.2541,-6.776,0,0.5094,117.454,3,0.582,5401119,244.94872,244948.0,0.1161,240.79092,0.787,0.023,0.991,0.892,244931,67,1
2cd21357-5a80-4d73-80cf-cb4e50948e8a,0.538,0.918,0.783,0.29017,5,0.4,-6.49,1,0.4219,112.347,5,0.617,5037599,228.46254,228462.0,0.0,227.88063,0.762,0.007,0.996,0.896,210367,72,0
a5e55bfb-66d4-4e0b-a286-480ba641c45a,0.52843,0.814,0.801,0.18274,5,0.4,-9.698,1,0.4678,129.199,4,0.673,2345503,106.37202,106372.0,0.25542,102.9805,0.754,0.039,0.987,0.888,328573,52,1
e3f94ebe-0934-4422-83da-6edb7806df32,0.42902,0.921,0.923,0.27328,9,0.4,-6.607,0,0.5534,123.047,4,0.671,3668511,166.37238,,0.0,163.74712,0.785,0.01,0.994,0.895,166341,36,1
45e41069-d5a2-4bce-8fe9-6d8be512235e,0.41638,0.911,0.94,0.23147,5,0.3299,-6.027,1,0.5684,112.347,7,0.727,5427743,246.15614,246156.0,2.80961,241.97514,0.762,0.013,0.994,0.894,195431,82,1
0ad8d02c-1cb6-4cce-9e28-f98715f92fa9,0.44485,0.863,0.91,0.2328,5,0.3334,-6.72,1,0.5639,129.199,4,0.756,3287583,149.09673,,1.25388,147.30739,0.754,0.018,0.991,0.892,187500,52,1
2e5cdd2f-03a7-477d-9665-01ddd7f8767d,0.50521,0.863,0.807,0.25532,9,0.3161,-6.606,0,0.511,103.359,6,0.551,5314079,241.00133,241001.0,0.0,231.45651,0.717,0.022,0.995,0.896,269680,85,1
c15049c3-b8c2-4324-be56-ec7da9a9f665,0.43758,0.888,0.913,0.25677,9,0.4,-8.619,0,0.4895,112.347,3,0.647,5958175,270.212,270212.0,15.76635,262.9892,0.762,0.01,0.993,0.894,432853,58,1
7f85b3ed-82d4-4df9-a155-a9bd0783bb66,0.40989,0.869,0.932,0.2033,5,0.3192,-6.131,1,0.5973,129.199,3,0.76,4732447,214.62344,214623.0,0.04644,206.86658,0.754,0.021,0.994,0.895,133762,80,1
5be04204-d85a-417c-a8e9-8a51a7449ee1,0.48646,0.852,0.85,0.22615,9,0.4,-8.839,0,0.5781,129.199,4,0.653,5794335,262.78162,262781.0,0.0,260.01706,0.754,0.02,0.99,0.891,281320,67,1
292da28a-8263-49b7-9b12-bf6cd70c58f2,0.48977,0.786,0.849,0.2059,9,0.4,-9.216,0,0.5854,135.999,3,0.666,8801823,399.17566,399175.0,3.45977,392.09216,0.72,0.009,0.99,0.891,399153,76,1
19cea239-3022-4ee8-9a88-b72b10fdca3b,0.47639,0.692,0.867,0.28637,9,0.3683,-10.097,0,0.5891,151.999,4,0.72,4914176,222.86513,222865.0,0.25542,215.94559,0.64,0.017,0.989,0.89,222720,27,0
48fbc370-7de5-4457-bd19-abbc4f9d5e6f,0.45744,0.829,0.873,0.17617,5,0.3288,-5.973,1,0.5845,95.703,6,0.679,5576223,252.88992,252889.0,0.30186,236.00761,0.679,0.024,0.988,0.889,252884,57,1
93682697-b1ed-4cfa-82fe-b53f230fabe2,0.43572,0.876,0.947,0.24708,5,0.3346,-9.505,1,0.5273,99.384,4,0.701,2805279,127.22354,,0.0,124.83048,0.697,0.023,0.993,0.894,127200,8,1
a053f153-48a1-4305-b9b7-27a567ad669e,0.41675,0.855,0.907,0.24407,2,0.3004,-8.524,0,0.5427,103.359,7,0.627,6743583,305.83142,305831.0,0.18576,305.3424,0.717,0.01,0.991,0.892,305786,32,1
62914305-9f19-4978-aa86-87ac21c26767,0.53296,0.844,0.794,0.2322,5,0.4,-8.44,1,0.4825,103.359,4,0.611,4365855,197.99796,197997.0,0.0,182.25342,0.717,0.031,0.991,0.892,197973,35,0
e8560091-228d-4c99-9675-4755cc95ed71,0.54628,0.91,0.785,0.24527,5,0.4,-5.057,1,0.4482,107.666,7,0.609,4527104,205.31084,205310.0,0.06966,204.63747,0.738,0.01,0.99,0.891,297373,66,1
d018d235-6bf0-4063-abbb-85e866d92562,0.52082,0.745,0.806,0.28745,5,0.3538,-9.155,1,0.4834,89.103,6,0.595,6847007,310.52185,310521.0,0.0,308.26813,0.646,0.014,0.991,0.892,310490,68,1
e0874c1d-a5db-4b0c-95f6-fe9a3901f40f,0.46048,0.842,0.886,0.24671,9,0.3905,-7.38,0,0.5921,95.703,5,0.607,3638815,165.02562,,0.0,160.03194,0.679,0.015,0.996,0.897,182769,54,1
ce1a7ca4-011c-4e05-b8e4-9250a80212b4,0.42374,0.818,0.913,0.21143,5,0.4,-6.551,1,0.5956,99.384,3,0.695,4464159,202.45619,202456.0,1.48608,202.29224,0.697,0.018,0.991,0.892,248936,56,1
daf02193-ecd3-40f6-a1cd-e906d152a6b4,0.44585,0.81,0.894,0.22477,5,0.3379,-5.222,1,0.5824,92.285,3,0.676,3997215,181.27959,181279.0,1.25388,178.35246,0.661,0.027,0.992,0.892,181263,58,1
f08efc62-246e-4910-9c61-ee1a5445fe87,0.47294,0.884,0.76,0.31219,5,0.2285,-4.051,1,0.3204,123.047,4,0.613,3816991,173.10617,173106.0,0.0,173.10477,0.785,0.014,0.987,0.889,173097,68,1
3a2aac11-aaa1-4800-81b4-188842f78c2e,0.42275,0.941,0.911,0.29976,9,0.3093,-7.956,0,0.5311,123.047,4,0.669,3112479,141.15552,,0.48762,139.27328,0.785,0.01,0.996,0.896,141154,44,1
82035eaa-bb7b-4389-8502-d12f44c13201,0.44937,0.713,0.882,0.28805,9,0.4,-9.669,0,0.571,151.999,3,0.723,4389888,199.08789,199087.0,0.1161,190.28754,0.64,0.017,0.995,0.896,263373,74,1
d4c14df2-c7e1-465b-a508-15d0242bc78c,0.45973,0.934,0.888,0.27247,9,0.3833,-7.66,0,0.5999,123.047,7,0.664,2438687,110.59805,,0.41796,107.81025,0.785,0.008,0.998,0.898,135548,39,1
3cc8b13f-6086-4d2a-822d-c5e9bd695aba,0.58075,0.842,0.742,0.25436,5,0.4,-6.93,1,0.3125,135.999,4,0.62,5466655,247.92085,247920.0,0.0,238.02776,0.72,0.031,0.992,0.893,247893,64,0
ea69c254-ac64-44f8-b628-e2cb90f2fb5d,0.4819,0.866,0.837,0.26842,5,0.3189,-11.646,1,0.5647,123.047,5,0.701,4820511,218.61728,218617.0,0.0,217.84961,0.785,0.026,0.992,0.893,255826,49,1
1ca2ba7a-1fda-4b58-b78e-36060332268f,0.51268,0.709,0.812,0.24039,5,0.4,-8.9,1,0.5134,86.133,7,0.596,8115743,368.0609,368060.0,0.0,366.13223,0.631,0.022,0.992,0.893,111406,62,1
1a5a5e72-9030-4946-88a1-3150529e00de,0.5096,0.802,0.81,0.24895,9,0.4,-10.023,0,0.5057,95.703,4,0.538,7104031,322.17828,322178.0,0.0,319.78522,0.679,0.023,0.987,0.888,322160,71,1
f8f4f907-b508-4128-b792-648c6ab71474,0.50368,0.673,0.828,0.2659,9,0.4,-10.504,0,0.5553,151.999,4,0.676,6536735,296.45056,296450.0,0.0,293.77887,0.64,0.011,0.989,0.89,296413,49,1
f361868f-44d0-4a3d-b7fb-875958105c41,0.51486,0.722,0.811,0.25005,5,0.4,-8.086,1,0.4736,86.133,4,0.595,4835871,219.31387,219313.0,0.06966,213.92545,0.631,0.081,0.987,0.888,218901,68,1
9fba30a9-0cd1-435f-8b69-1a4551b3b75a,0.41272,0.869,0.888,0.30716,2,0.2833,-6.984,0,0.5214,99.384,3,0.615,4630047,209.97946,209979.0,0.0,208.58485,0.697,0.025,0.991,0.892,209957,46,1
b41bd3b2-5931-4cdf-95e6-9bf842a7579a,0.55186,0.701,0.773,0.31625,5,0.3525,-7.067,1,0.4162,135.999,3,0.655,4242975,192.42517,192425.0,0.0,180.55836,0.72,0.014,0.997,0.897,192417,70,1
029b12dc-affc-4563-bd65-79e68d2e451e,0.51434,0.849,0.813,0.15303,5,0.4,-7.127,1,0.4844,99.384,3,0.625,4203039,190.61401,190614.0,0.53406,183.41441,0.697,0.022,0.987,0.889,190595,57,1
b7664a2f-9ee9-4381-b10c-57d4d78c57d1,0.44185,0.855,0.769,0.37191,0,0.2063,-11.526,0,0.4536,107.666,4,0.517,5532191,250.89302,250893.0,0.0,249.21977,0.738,0.029,0.984,0.886,250864,54,0
8435af88-205e-45a5-bf6e-3723a47c0b58,0.47076,0.764,0.872,0.2904,2,0.3152,-6.727,0,0.5998,143.555,4,0.704,2346527,106.41846,,1.34676,105.46503,0.682,0.036,0.987,0.888,106399,39,1
0a8a822d-903e-4b35-a8e5-0afa00e39126,0.48646,0.852,0.85,0.22615,9,0.4,-8.839,0,0.5781,129.199,4,0.653,5794335,262.78162,262781.0,0.0,260.01706,0.754,0.02,0.99,0.891,272112,73,1
5f09afdf-acba-4c8e-b080-c15b87a90cc3,0.39283,0.742,0.876,0.29372,5,0.2545,-6.536,1,0.5941,143.555,3,0.779,4257311,193.07533,193075.0,0.04644,193.00426,0.682,0.009,0.995,0.896,273577,69,1
326f0919-9cc7-4862-bf7f-bc3f345139a8,0.30137,0.719,0.878,0.27771,5,0.1553,-6.151,1,0.5454,151.999,3,0.797,3287583,149.09673,149096.0,0.0,149.09534,0.64,0.017,0.991,0.892,221979,76,1
52da2a50-1f50-4ae5-bf69-d438b1520e73,0.55542,0.86,0.775,0.23641,5,0.3556,-6.969,1,0.4364,123.047,3,0.631,5520927,250.38219,250382.0,0.0,249.10367,0.785,0.019,0.992,0.893,250337,75,1
1c9fc3b9-f302-4dcb-890d-1745ef6f2059,0.48658,0.753,0.789,0.22472,5,0.2741,-4.324,1,0.3982,83.354,5,0.564,4882975,221.4501,221450.0,0.0,220.93787,0.617,0.015,0.984,0.886,221406,62,1
6f604447-29bd-46a1-9894-55644b392f0b,0.51385,0.811,0.811,0.25427,5,0.3827,-7.638,1,0.4832,95.703,3,0.615,4689439,212.67297,212672.0,0.1161,210.88364,0.679,0.028,0.993,0.893,212629,67,1
d0637bb0-f3c6-4372-bea8-3cde50051ac3,0.47121,0.759,0.857,0.25599,5,0.4,-7.038,1,0.5664,143.555,4,0.767,5247519,237.98273,237982.0,0.16254,237.74911,0.682,0.009,0.995,0.895,222928,56,1
0231903e-44cf-4df3-8540-a448fd2542d8,0.46889,0.808,0.705,0.24308,9,0.4,-17.586,0,0.5967,135.999,7,0.654,5101488,231.36,231360.0,0.0,224.65306,0.72,0.019,0.992,0.893,231338,70,1
c932c78c-ff29-442e-a070-cdf374799248,0.4361,0.861,0.901,0.25627,9,0.4,-8.001,0,0.5574,123.047,4,0.667,5530143,250.80014,250800.0,1.06812,249.33588,0.785,0.016,0.993,0.894,178176,59,1
9e8ee2c2-f2ab-47f9-b04d-3c3589fd4433,0.44694,0.819,0.818,0.26953,9,0.3267,-16.839,0,0.5911,135.999,7,0.677,5407719,245.24803,245248.0,0.0,242.50922,0.72,0.011,0.993,0.894,192956,77,1
93d861ce-e879-4b21-afeb-ac5ed32954e6,0.43648,0.894,0.911,0.2039,5,0.3354,-6.988,1,0.5858,107.666,5,0.712,10075679,456.9469,456946.0,0.18576,452.74268,0.738,0.009,0.994,0.895,205146,66,1
4c940aff-a248-4433-a911-deffe1bbd177,0.54955,0.877,0.768,0.28038,5,0.3284,-10.974,1,0.421,117.454,7,0.611,4059679,184.11243,184112.0,0.0,179.0723,0.787,0.019,0.996,0.896,184089,67,1
d9f4949f-b3f0-44ac-8297-4f5d458ba478,0.51151,0.594,0.808,0.25895,9,0.4,-8.737,0,0.5053,161.499,7,0.674,6497823,294.68585,294685.0,2.15946,285.62866,0.593,0.01,0.993,0.893,356389,65,1
0573edaf-f774-4586-8322-a567898edd29,0.49751,0.826,0.826,0.22033,5,0.3244,-7.703,1,0.4855,99.384,5,0.639,6756895,306.43515,306435.0,0.02322,293.75565,0.697,0.032,0.991,0.892,206119,53,1
84321fd7-34b1-435f-9925-7387a5b4ceaa,0.41593,0.849,0.921,0.26063,9,0.4,-8.139,0,0.4253,95.703,6,0.614,3298847,149.60757,149607.0,0.0,148.77025,0.679,0.017,0.989,0.89,149568,55,1
0886fced-f357-4102-a520-a271a82ab1e2,0.46347,0.898,0.855,0.3347,3,0.4,-10.424,0,0.4517,123.047,4,0.646,2375199,107.71878,107718.0,0.0,107.55483,0.785,0.016,0.981,0.883,107673,63,1
dba8011a-57ba-4d1f-9c82-2b995b8f0a54,0.41406,0.696,0.937,0.25399,9,0.4,-7.014,0,0.509,151.999,4,0.734,5644288,255.97678,255976.0,0.1161,252.79565,0.64,0.01,0.994,0.894,237945,66,1
0badec06-a913-4dc6-a06f-011692e40519,0.51848,0.871,0.821,0.27779,9,0.35,-9.449,0,0.5565,103.359,4,0.567,5206016,236.1005,236100.0,0.1161,230.59737,0.717,0.011,0.991,0.892,236733,48,1
911c24a6-471b-488e-89e0-efced01ee350,0.4353,0.874,0.868,0.28302,9,0.2907,-9.17,0,0.5673,117.454,3,0.648,5884447,266.86835,266868.0,0.0,266.8205,0.787,0.022,0.99,0.891,160821,68,1
8caa35b0-e9e8-4783-8b06-484545e1e375,0.48962,0.794,0.84,0.21445,5,0.4,-8.143,1,0.5257,95.703,3,0.647,4018176,182.2302,182230.0,0.27864,182.18376,0.679,0.03,0.992,0.893,182080,73,0
9f85122e-a6fd-4fde-8ce5-e43e2a8578fd,0.41279,0.893,0.83,0.14626,5,0.2315,-4.703,1,0.4742,103.359,3,0.652,5261855,238.63287,238632.0,0.0,235.4039,0.717,0.021,0.99,0.891,343455,52,1
edc50bd5-0d19-491d-b62d-954458969ef5,0.48598,0.821,0.849,0.23421,5,0.4,-6.358,1,0.5726,95.703,5,0.657,4036127,183.04431,183044.0,0.0,181.6497,0.679,0.026,0.994,0.895,250770,57,1
3afd7286-653f-469f-9f46-8ab9c2e9956c,0.41906,0.882,0.93,0.25249,5,0.4,-6.724,1,0.5507,103.359,4,0.706,5221919,236.82172,236821.0,1.55574,222.16853,0.717,0.011,0.993,0.893,236795,68,1
4f3fc901-1f6c-4898-8984-ffd0fdbc3abc,0.3584,0.856,0.887,0.33164,9,0.2088,-7.245,0,0.5859,99.384,6,0.615,2668063,121.00059,,0.18576,118.97905,0.697,0.024,0.99,0.891,122254,34,1
aa7ae623-cd30-46c1-b073-6bd906e8e94d,0.53869,0.682,0.784,0.26457,10,0.3805,-10.943,0,0.4534,83.354,3,0.483,4631071,210.0259,210025.0,0.2322,209.28145,0.617,0.035,0.983,0.884,257690,79,1
97f2224a-f9fb-472c-9056-0a52b518099a,0.43563,0.916,0.895,0.27632,9,0.3338,-7.697,0,0.4564,117.454,4,0.654,4526623,205.28902,205289.0,0.25542,189.82314,0.787,0.024,0.991,0.892,205264,61,1
20d791a5-3330-499d-ae8a-d50c82bb811b,0.39162,0.869,0.932,0.32177,9,0.2841,-9.239,0,0.5404,99.384,3,0.624,2947615,133.67868,,0.51084,130.86766,0.697,0.01,0.992,0.893,138995,30,1
79ead904-2579-464f-9f7e-a5dc8d9fc43b,0.53848,0.765,0.802,0.22617,5,0.4,-4.977,1,0.5528,143.555,5,0.704,2472479,112.13057,112130.0,0.04644,107.69415,0.682,0.016,0.995,0.896,112093,49,1
e46c7ac4-90b9-4602-bc9a-4d9a280fee62,0.33936,0.867,0.932,0.26341,5,0.2425,-5.898,1,0.5984,99.384,3,0.699,4190751,190.05673,190056.0,0.32508,186.82776,0.697,0.026,0.992,0.893,190010,70,1
847c0bd8-319e-4963-9e79-b481b818bfbc,0.44867,0.711,0.897,0.22581,5,0.357,-6.577,1,0.5869,86.133,3,0.664,4456991,202.1311,202131.0,3.27401,196.46404,0.631,0.024,0.991,0.892,202084,59,1
9f8be620-c13a-4bab-a5e7-c278b04e6ac1,0.40717,0.837,0.882,0.28296,9,0.2621,-4.436,0,0.5951,135.999,4,0.69,2965023,134.46815,,0.0,133.44508,0.72,0.019,0.991,0.891,134428,48,1
b9ad2813-095f-46a3-aa1a-0f5d4222211d,0.54728,0.87,0.765,0.29299,9,0.4,-8.601,0,0.4182,123.047,4,0.544,2866719,130.00993,130009.0,0.0,127.64009,0.785,0.078,0.991,0.892,269883,72,1
f9be38f0-6cd5-4ee5-84b6-d559050bec2b,0.52848,0.759,0.795,0.26828,5,0.4,-8.094,1,0.4433,135.999,3,0.68,4621312,209.58331,209583.0,1.83438,196.71947,0.72,0.018,0.993,0.893,255866,51,1
e41b1651-7e44-415e-9c60-178e4a682ac7,0.50742,0.828,0.817,0.27128,2,0.4,-9.668,0,0.5252,95.703,4,0.546,6856223,310.93982,310939.0,0.0,310.72943,0.679,0.018,0.995,0.896,310933,59,1
8ed062c1-ac68-483f-8e8b-97079fecb2b0,0.44875,0.748,0.888,0.23151,5,0.4,-6.114,1,0.5994,86.133,4,0.662,3762719,170.64485,170644.0,1.7415,166.37099,0.631,0.021,0.996,0.896,207306,50,1
abba8bd0-ecdb-4224-8918-912afc312733,0.42658,0.865,0.903,0.25087,5,0.3059,-6.721,1,0.5994,99.384,4,0.693,4419103,200.41283,,2.36844,195.3727,0.697,0.024,0.992,0.892,200401,37,1
f75ff795-5962-4493-aae6-10c89587b949,0.40228,0.736,0.971,0.27043,9,0.301,-6.465,0,0.3253,89.103,3,0.61,5601823,254.05093,254050.0,0.0,250.31111,0.646,0.02,0.995,0.895,254022,60,1
c8c49d7e-6259-4af9-9f3f-25576e6fc0eb,0.56205,0.909,0.77,0.26087,5,0.3693,-9.71,1,0.3982,112.347,3,0.602,6592031,298.9583,298958.0,0.0,298.9569,0.762,0.012,0.996,0.896,311960,64,1
3a791e18-c69f-41b1-87f9-66bbc15ce1ab,0.46159,0.87,0.888,0.21072,5,0.3794,-8.147,1,0.5997,99.384,5,0.69,4800031,217.68848,217688.0,7.19819,211.46413,0.697,0.013,0.991,0.892,271573,58,1
2e718103-27eb-4ace-baed-5e022d08e3ad,0.47534,0.775,0.869,0.26632,2,0.4,-6.824,0,0.6,143.555,3,0.703,3529247,160.05655,,0.0,158.45297,0.682,0.015,0.99,0.891,160046,40,1
39460e9f-27da-40fb-a7a4-e1bd2cc9a7ca,0.42756,0.872,1.0,0.28323,2,0.2933,-8.728,0,0.3753,99.384,3,0.637,3367455,152.71906,,0.32508,150.37244,0.697,0.037,0.989,0.89,152700,38,1
c51b814b-c60f-42fa-83ab-830e3a2d2e30,0.4292,0.841,0.936,0.26216,9,0.3559,-6.719,0,0.5876,92.285,3,0.61,2798111,126.89846,,0.0,124.64472,0.661,0.014,0.99,0.891,147125,52,1
20649542-7f11-4e91-bda1-4628715e74bf,0.52572,0.839,0.799,0.15704,9,0.4,-7.845,0,0.4981,123.047,4,0.583,4961823,225.02599,225025.0,0.06966,211.74277,0.785,0.015,0.992,0.893,182998,49,1
38ae8f31-bae8-4544-a4e1-6a0aa6b7be1f,0.56199,0.904,0.727,0.27068,2,0.3121,-10.252,0,0.2959,112.347,3,0.478,4110336,186.4098,186409.0,0.09288,185.99184,0.762,0.012,0.985,0.886,155154,61,1
5b21e9fb-189e-4324-9075-ed1bbbae78e6,0.47855,0.837,0.845,0.26844,5,0.3251,-9.534,1,0.5606,99.384,5,0.661,5729823,259.85593,259855.0,0.0,259.20435,0.697,0.016,0.993,0.894,259846,61,1
f9ff5402-647d-48e0-8faf-f9c4f1af7e26,0.46377,0.868,0.87,0.14961,5,0.3814,-6.349,1,0.5708,103.359,3,0.694,5767711,261.5742,261574.0,0.0,259.99384,0.717,0.016,0.993,0.894,258592,62,1
7f47c0bf-ea6f-4721-912d-b9fa525bc8a1,0.45783,0.833,0.883,0.24861,9,0.4,-9.82,0,0.5871,129.199,6,0.676,6808095,308.75714,308757.0,0.25542,308.54675,0.754,0.014,0.995,0.895,308755,74,1
5a0b0854-dfd2-4158-bfbb-52c90c0e44b2,0.44626,0.848,0.793,0.18683,9,0.2471,-11.74,0,0.4599,112.347,4,0.553,5820959,263.98907,263989.0,0.04644,253.49223,0.762,0.022,0.992,0.893,219506,55,1
9786b0a0-d1a4-435b-8db7-21e585660370,0.43799,0.787,0.837,0.20368,5,0.2647,-4.493,1,0.4712,143.555,4,0.744,3373599,152.9977,152997.0,0.0,152.02104,0.682,0.011,0.991,0.892,152961,62,1
b388502d-2a2d-4df9-8582-5305771a8cf7,0.44875,0.748,0.888,0.23151,5,0.4,-6.114,1,0.5994,86.133,4,0.662,3762719,170.64485,170644.0,1.7415,166.37099,0.631,0.021,0.996,0.896,233030,64,1
1c812760-b5d7-4ce6-a8f9-65b82a93f224,0.47347,0.776,0.884,0.25388,5,0.4,-7.214,1,0.5817,99.384,4,0.689,5640735,255.81564,255815.0,0.0,211.18549,0.697,0.027,0.996,0.896,255786,81,1
0f914249-497d-484a-9f12-fff780f9b23e,0.44476,0.785,0.896,0.24814,9,0.4,-8.926,0,0.5847,135.999,3,0.693,5735967,260.13455,260134.0,1.11456,246.43338,0.72,0.013,0.991,0.892,307360,38,1
43b2838e-8a02-42bb-a76f-24241e1a0a7c,0.50948,0.865,0.815,0.22372,5,0.3265,-7.312,1,0.5196,107.666,3,0.644,5571103,252.65773,252657.0,0.0,252.2616,0.738,0.017,0.993,0.894,152195,61,1
e9e8d066-6be5-463f-a735-cee5ecf196f8,0.48658,0.848,0.858,0.19101,5,0.4,-6.53,1,0.5988,129.199,3,0.737,4777984,216.68861,216688.0,0.06966,213.48425,0.754,0.029,0.992,0.893,160049,60,1
d80cf8c8-3aca-4067-9cbf-ef4861dc7c55,0.47448,0.89,0.882,0.28633,9,0.3339,-8.553,0,0.5956,129.199,4,0.676,4049439,183.64803,,0.30186,181.55682,0.754,0.019,0.992,0.893,114387,48,1
075c8004-ab72-4f99-a6ec-fcbd1eb5c8ef,0.46117,0.861,0.882,0.28471,9,0.4,-6.852,0,0.599,123.047,3,0.663,5537311,251.12521,251125.0,14.23383,248.05878,0.785,0.032,0.986,0.887,161363,55,1
b0519e03-2461-4c76-bf3d-d09db87601df,0.54201,0.717,0.773,0.19921,5,0.4,-9.709,1,0.4132,95.703,4,0.572,3389983,153.74072,153740.0,0.0,149.46684,0.679,0.03,0.993,0.894,153724,66,0
486a8252-79b6-42da-af6b-9e5785dd12c0,0.42503,0.774,0.928,0.23686,9,0.4,-7.226,0,0.5877,143.555,3,0.715,2720287,123.36902,,0.06966,121.57968,0.682,0.011,0.993,0.894,216020,13,1
d8e17c8e-8b33-45e8-8b9f-b70a14ed9c75,0.37858,0.609,0.819,0.35812,5,0.1894,-5.97,1,0.5346,78.303,3,0.587,4915743,222.93619,222936.0,0.0,221.5648,0.592,0.019,0.992,0.893,205879,70,1
11a8d7cd-759e-48d4-b28c-65a01372bf57,0.41392,0.842,0.916,0.27114,9,0.4,-7.822,0,0.4522,129.199,5,0.682,5306911,240.67624,240676.0,0.0,230.62059,0.754,0.011,0.993,0.894,240653,76,1
962a8892-a7c5-4d59-a628-d6c90574f861,0.51151,0.594,0.808,0.25895,9,0.4,-8.737,0,0.5053,161.499,7,0.674,6497823,294.68585,294685.0,2.15946,285.62866,0.593,0.01,0.993,0.893,223124,58,1
63c6f8e3-1118-4469-822f-6a60ae5dd47a,0.48342,0.705,0.848,0.26298,5,0.4,-6.123,1,0.5143,143.555,4,0.756,4860447,220.42844,220428.0,7.26785,211.71954,0.682,0.03,0.987,0.888,220426,59,1
3720911b-0e29-469b-8998-f6302672c6cf,0.52013,0.794,0.801,0.24246,5,0.4,-8.314,1,0.4732,107.666,5,0.628,3697183,167.6727,167672.0,3.29723,160.26413,0.738,0.026,0.993,0.893,167653,61,1
4d0ce953-4214-4111-b2ef-a3e16ce88b99,0.58263,0.702,0.284,0.39269,5,0.2832,-24.536,1,0.1678,123.047,7,0.43,814623,36.94435,36944.0,0.02322,36.94295,0.785,0.053,0.977,0.879,36935,57,0
0260e926-b043-433a-90f9-f0ea4a8dca14,0.48041,0.891,0.848,0.26519,5,0.4,-10.097,1,0.5535,112.347,4,0.692,6083103,275.8777,275877.0,0.06966,267.09915,0.762,0.014,0.986,0.888,275840,67,1
a19b7e60-8b4f-4f3b-86a0-7e4715f0c086,0.47272,0.927,0.849,0.17369,5,0.4,-4.92,1,0.5034,112.347,6,0.692,5454367,247.36359,247363.0,17.25243,241.97514,0.762,0.01,0.991,0.892,247333,33,0
04c3f42a-0303-4e96-9d36-4cb1ea6215f7,0.4875,0.748,0.853,0.23645,9,0.4,-7.684,0,0.5814,143.555,5,0.687,2948639,133.72511,133725.0,0.0,130.12463,0.682,0.026,0.994,0.894,133694,51,1
119358a1-a7eb-4bef-9ae9-0748456fc160,0.51405,0.666,0.811,0.25349,5,0.4,-9.927,1,0.5237,151.999,4,0.732,7574047,343.4942,343494.0,0.0,336.57324,0.64,0.016,0.995,0.896,319191,51,1
db1d4923-eb8d-44c0-a612-ad7b914fcf5e,0.38694,0.827,0.945,0.2744,9,0.2839,-7.075,0,0.5055,103.359,3,0.634,5173248,234.61443,234614.0,0.30186,224.74594,0.717,0.011,0.996,0.896,233560,71,1
4898f6d7-9d85-41df-abe1-461f6d10535c,0.54628,0.91,0.785,0.24527,5,0.4,-5.057,1,0.4482,107.666,7,0.609,4527104,205.31084,205310.0,0.06966,204.63747,0.738,0.01,0.99,0.891,214588,75,1
